latitude,longitude,bright_ti4,scan,track,acq_date,acq_time,satellite,instrument,confidence,version,bright_ti5,frp,daynight,type,predicted_type,max_prob,prob_type2
30.02059,80.56812,305.73,0.39,0.36,2024-01-01,2020,N20,VIIRS,n,2,280.0,1.61,N,0,2,0.75,0.75
23.73543,86.431,304.36,0.47,0.48,2024-01-01,2021,N20,VIIRS,n,2,288.48,2.04,N,0,2,0.83,0.83
22.01896,83.75241,307.85,0.53,0.42,2024-01-01,2022,N20,VIIRS,n,2,289.49,1.91,N,0,2,0.81,0.81
16.33283,75.39091,301.23,0.43,0.38,2024-01-01,2024,N20,VIIRS,n,2,287.33,1.26,N,0,2,0.76,0.76
21.70517,87.32929,300.7,0.4,0.37,2024-01-03,1944,N20,VIIRS,n,2,285.31,0.64,N,0,2,0.8,0.8
31.3446,77.67332,305.35,0.43,0.62,2024-01-03,2122,N20,VIIRS,n,2,275.82,1.77,N,0,2,0.75,0.75
18.61481,76.09339,316.92,0.67,0.74,2024-01-03,2126,N20,VIIRS,n,2,285.15,3.45,N,0,2,0.71,0.71
23.8401,85.46601,296.55,0.6,0.53,2024-01-04,1925,N20,VIIRS,n,2,285.97,1.32,N,0,2,0.75,0.75
33.01257,74.30998,299.08,0.44,0.39,2024-01-04,2103,N20,VIIRS,n,2,264.94,1.29,N,0,2,0.77,0.77
22.01776,83.75208,301.01,0.43,0.62,2024-01-05,2047,N20,VIIRS,n,2,286.57,1.36,N,0,2,0.73,0.73
20.86327,84.99133,298.94,0.55,0.68,2024-01-05,2047,N20,VIIRS,n,2,288.15,2.14,N,0,2,0.81,0.81
18.20993,79.53307,310.53,0.55,0.51,2024-01-05,2048,N20,VIIRS,n,2,289.2,2.33,N,0,2,0.82,0.82
20.97237,85.01949,296.7,0.54,0.51,2024-01-06,2028,N20,VIIRS,n,2,286.48,1.68,N,0,2,0.86,0.86
20.96883,85.01333,314.8,0.54,0.51,2024-01-06,2028,N20,VIIRS,n,2,288.32,2.46,N,0,2,0.72,0.72
17.74802,81.9256,301.81,0.4,0.44,2024-01-06,2029,N20,VIIRS,n,2,284.82,0.79,N,0,2,0.74,0.74
23.79618,87.07245,298.17,0.5,0.41,2024-01-07,2009,N20,VIIRS,n,2,287.85,1.83,N,0,2,0.72,0.72
21.71465,83.41358,329.25,0.49,0.4,2024-01-08,722,N20,VIIRS,l,2,302.48,6.25,D,0,2,0.79,0.79
22.31407,82.73624,299.9,0.53,0.42,2024-01-08,1950,N20,VIIRS,n,2,288.86,1.03,N,0,2,0.76,0.76
28.09219,95.56581,325.48,0.55,0.43,2024-01-09,704,N20,VIIRS,l,2,300.35,8.35,D,0,2,0.71,0.71
23.76355,86.41579,297.22,0.42,0.45,2024-01-09,1931,N20,VIIRS,n,2,286.36,0.98,N,0,2,0.77,0.77
24.6585,73.87531,296.64,0.46,0.47,2024-01-09,2112,N20,VIIRS,n,2,285.11,0.76,N,0,2,0.75,0.75
16.23848,75.07748,301.85,0.39,0.36,2024-01-11,2036,N20,VIIRS,n,2,287.84,0.76,N,0,2,0.77,0.77
31.01195,77.78703,302.38,0.35,0.57,2024-01-13,1954,N20,VIIRS,n,2,278.69,1.15,N,0,2,0.74,0.74
23.99228,82.62458,295.69,0.46,0.39,2024-01-13,1956,N20,VIIRS,n,2,282.27,0.67,N,0,2,0.78,0.78
23.79238,87.07565,300.34,0.39,0.36,2024-01-13,1956,N20,VIIRS,n,2,290.12,1.56,N,0,2,0.8,0.8
22.31374,82.74014,305.81,0.44,0.39,2024-01-13,1956,N20,VIIRS,n,2,287.67,1.08,N,0,2,0.76,0.76
23.79515,85.55988,298.54,0.39,0.36,2024-01-13,1956,N20,VIIRS,n,2,287.95,1.29,N,0,2,0.86,0.86
21.00197,86.02711,301.81,0.5,0.41,2024-01-14,1938,N20,VIIRS,n,2,289.64,1.41,N,0,2,0.77,0.77
22.02108,83.7459,303.5,0.68,0.74,2024-01-15,2059,N20,VIIRS,n,2,285.3,1.86,N,0,2,0.84,0.84
22.31529,82.73628,298.65,0.58,0.69,2024-01-15,2059,N20,VIIRS,n,2,286.14,1.1,N,0,2,0.75,0.75
21.32024,72.86204,311.97,0.46,0.39,2024-01-15,2100,N20,VIIRS,n,2,285.63,1.54,N,0,2,0.74,0.74
18.38461,73.8867,301.96,0.57,0.43,2024-01-15,2101,N20,VIIRS,n,2,287.12,1.41,N,0,2,0.76,0.76
33.1958,75.89005,296.89,0.4,0.37,2024-01-16,2038,N20,VIIRS,n,2,267.1,0.8,N,0,2,0.77,0.77
22.00335,82.67291,301.94,0.58,0.52,2024-01-16,2040,N20,VIIRS,n,2,288.48,2.01,N,0,2,0.77,0.77
24.65768,73.87445,296.87,0.39,0.37,2024-01-16,2040,N20,VIIRS,n,2,286.39,1.29,N,0,2,0.75,0.75
24.14114,82.56647,310.35,0.43,0.38,2024-01-17,2021,N20,VIIRS,n,2,285.7,2.22,N,0,2,0.76,0.76
23.3288,70.21126,300.52,0.35,0.56,2024-01-17,2022,N20,VIIRS,n,2,287.79,0.98,N,0,2,0.79,0.79
13.49211,77.23146,300.85,0.56,0.43,2024-01-18,2005,N20,VIIRS,n,2,289.59,1.56,N,0,2,0.85,0.85
22.10405,83.52425,307.17,0.39,0.44,2024-01-19,1944,N20,VIIRS,n,2,288.0,2.15,N,0,2,0.74,0.74
17.29828,73.39861,305.21,0.46,0.47,2024-01-20,2107,N20,VIIRS,n,2,290.31,1.73,N,0,2,0.75,0.75
34.60299,74.29779,295.99,0.41,0.37,2024-01-21,2044,N20,VIIRS,n,2,270.86,0.62,N,0,2,0.77,0.77
19.1013,82.16747,299.18,0.39,0.59,2024-01-21,2048,N20,VIIRS,n,2,285.43,1.54,N,0,2,0.77,0.77
20.14318,73.54007,300.97,0.39,0.36,2024-01-21,2048,N20,VIIRS,n,2,287.88,2.0,N,0,2,0.71,0.71
23.79597,85.56013,295.45,0.51,0.5,2024-01-22,2027,N20,VIIRS,n,2,284.26,1.85,N,0,2,0.74,0.74
26.77156,94.5055,305.06,0.4,0.6,2024-01-23,2007,N20,VIIRS,n,2,281.81,1.57,N,0,2,0.83,0.83
21.246,79.23086,297.53,0.45,0.39,2024-01-23,2010,N20,VIIRS,n,2,287.3,1.39,N,0,2,0.74,0.74
19.27412,76.21613,296.16,0.41,0.45,2024-01-23,2010,N20,VIIRS,n,2,285.74,1.42,N,0,2,0.89,0.89
23.73197,86.75696,298.89,0.39,0.36,2024-01-24,1950,N20,VIIRS,n,2,287.69,1.14,N,0,2,0.74,0.74
17.28385,73.91919,301.93,0.56,0.68,2024-01-24,1952,N20,VIIRS,n,2,288.39,1.7,N,0,2,0.79,0.79
18.61059,74.52744,297.53,0.52,0.67,2024-01-24,1952,N20,VIIRS,n,2,283.35,0.8,N,0,2,0.73,0.73
23.77219,86.39723,301.56,0.42,0.45,2024-01-25,1931,N20,VIIRS,n,2,286.42,1.65,N,0,2,0.86,0.86
20.98545,85.12479,303.84,0.46,0.47,2024-01-25,1932,N20,VIIRS,n,2,287.15,0.89,N,0,2,0.75,0.75
17.07991,78.09486,299.37,0.6,0.71,2024-01-25,2113,N20,VIIRS,n,2,287.54,0.69,N,0,2,0.74,0.74
22.05816,85.46512,295.02,0.46,0.64,2024-01-26,1913,N20,VIIRS,n,2,283.2,0.7,N,0,2,0.96,0.96
21.08342,85.03301,299.96,0.48,0.65,2024-01-26,1913,N20,VIIRS,n,2,286.42,3.17,N,0,2,0.72,0.72
30.98329,78.68418,295.52,0.51,0.41,2024-01-28,2013,N20,VIIRS,n,2,266.41,1.62,N,0,2,0.73,0.73
23.73726,86.43038,312.12,0.57,0.43,2024-01-28,2015,N20,VIIRS,n,2,289.52,3.57,N,0,2,0.76,0.76
23.75462,86.40225,297.96,0.56,0.43,2024-01-28,2015,N20,VIIRS,n,2,286.77,1.74,N,0,2,0.74,0.74
23.83601,84.95025,298.46,0.47,0.4,2024-01-28,2015,N20,VIIRS,n,2,283.76,1.02,N,0,2,0.76,0.76
23.75509,86.40234,301.13,0.39,0.36,2024-01-29,1956,N20,VIIRS,n,2,289.12,3.07,N,0,2,0.82,0.82
21.17554,73.31673,321.27,0.53,0.67,2024-01-29,1957,N20,VIIRS,n,2,286.54,2.8,N,0,2,0.79,0.79
15.2841,74.9594,301.48,0.73,0.76,2024-01-30,1940,N20,VIIRS,n,2,287.32,0.98,N,0,2,0.83,0.83
21.66465,83.92429,298.51,0.71,0.75,2024-01-31,2059,N20,VIIRS,n,2,285.4,0.87,N,0,2,0.75,0.75
24.20491,82.70849,297.25,0.44,0.38,2024-02-02,2021,N20,VIIRS,n,2,286.49,1.18,N,0,2,0.75,0.75
23.73757,86.43134,310.67,0.52,0.5,2024-02-05,1925,N20,VIIRS,n,2,289.01,3.27,N,0,2,0.77,0.77
21.76322,83.83809,303.51,0.74,0.76,2024-02-06,1906,N20,VIIRS,n,2,286.83,1.69,N,0,2,0.81,0.81
20.985,85.12369,301.41,0.6,0.7,2024-02-06,1907,N20,VIIRS,n,2,288.87,2.0,N,0,2,0.81,0.81
14.06137,75.52895,312.84,0.54,0.42,2024-02-06,2049,N20,VIIRS,n,2,291.99,1.75,N,0,2,0.79,0.79
13.38339,76.30627,305.7,0.39,0.36,2024-02-07,2031,N20,VIIRS,n,2,292.78,0.77,N,0,2,0.77,0.77
23.80216,85.54162,300.25,0.43,0.38,2024-02-08,2009,N20,VIIRS,n,2,284.66,1.46,N,0,2,0.74,0.74
20.76167,85.29517,303.21,0.46,0.39,2024-02-08,2010,N20,VIIRS,n,2,290.51,1.89,N,0,2,0.84,0.84
22.32353,82.58745,310.74,0.53,0.42,2024-02-09,1950,N20,VIIRS,n,2,287.92,1.94,N,0,2,0.74,0.74
21.21153,83.1358,299.11,0.49,0.4,2024-02-09,1951,N20,VIIRS,n,2,288.66,1.07,N,0,2,0.88,0.88
20.30256,78.34064,302.66,0.61,0.54,2024-02-09,1951,N20,VIIRS,n,2,289.98,2.04,N,0,2,0.75,0.75
19.30831,76.06241,310.84,0.42,0.61,2024-02-09,1951,N20,VIIRS,n,2,289.78,1.71,N,0,2,0.71,0.71
18.01662,73.76063,314.12,0.58,0.7,2024-02-09,1952,N20,VIIRS,n,2,289.14,1.63,N,0,2,0.73,0.73
25.10121,73.47307,298.04,0.42,0.61,2024-02-09,2130,N20,VIIRS,n,2,286.21,1.27,N,0,2,0.78,0.78
11.10166,76.60719,308.69,0.64,0.72,2024-02-10,1935,N20,VIIRS,n,2,287.99,1.79,N,0,2,0.74,0.74
19.32721,73.91633,311.8,0.58,0.52,2024-02-10,2113,N20,VIIRS,n,2,287.17,1.99,N,0,2,0.75,0.75
14.10744,77.60318,304.65,0.65,0.73,2024-02-10,2114,N20,VIIRS,n,2,287.56,1.45,N,0,2,0.79,0.79
18.06673,73.77301,314.19,0.6,0.53,2024-02-10,2114,N20,VIIRS,n,2,289.01,2.08,N,0,2,0.72,0.72
17.87867,73.91976,316.12,0.48,0.4,2024-02-11,2055,N20,VIIRS,n,2,290.37,2.47,N,0,2,0.83,0.83
17.49545,77.79423,305.36,0.44,0.39,2024-02-12,2036,N20,VIIRS,n,2,289.18,0.9,N,0,2,0.73,0.73
17.87884,73.76868,305.08,0.4,0.37,2024-02-12,2036,N20,VIIRS,n,2,283.33,0.96,N,0,2,0.72,0.72
17.95613,73.39639,301.52,0.46,0.47,2024-02-13,2017,N20,VIIRS,n,2,283.67,0.76,N,0,2,0.81,0.81
19.65907,74.95263,299.99,0.39,0.44,2024-02-13,2017,N20,VIIRS,n,2,274.39,1.16,N,0,2,0.71,0.71
33.29728,74.13887,296.13,0.4,0.44,2024-02-15,2116,N20,VIIRS,n,2,282.58,0.72,N,0,2,0.74,0.74
19.10886,82.16069,306.48,0.55,0.68,2024-02-16,1920,N20,VIIRS,n,2,286.78,1.47,N,0,2,0.75,0.75
22.10622,83.52303,302.52,0.66,0.73,2024-02-16,2059,N20,VIIRS,n,2,288.52,1.59,N,0,2,0.91,0.91
24.51055,73.86533,306.05,0.47,0.39,2024-02-16,2059,N20,VIIRS,n,2,287.97,1.18,N,0,2,0.71,0.71
18.6393,76.56779,299.5,0.55,0.51,2024-02-16,2101,N20,VIIRS,n,2,285.11,0.69,N,0,2,0.83,0.83
18.02763,73.80142,301.11,0.38,0.43,2024-02-16,2101,N20,VIIRS,n,2,289.69,1.64,N,0,2,0.72,0.72
23.73939,86.43069,306.85,0.66,0.73,2024-02-17,1900,N20,VIIRS,n,2,290.41,3.04,N,0,2,0.73,0.73
29.89637,79.8156,305.34,0.45,0.39,2024-02-17,2039,N20,VIIRS,n,2,282.14,0.68,N,0,2,0.74,0.74
9.61703,77.83875,323.91,0.47,0.48,2024-02-17,2044,N20,VIIRS,n,2,292.66,3.99,N,0,2,0.85,0.85
24.16818,82.63903,298.13,0.44,0.38,2024-02-18,2021,N20,VIIRS,n,2,286.37,1.13,N,0,2,0.82,0.82
18.32669,73.90688,313.28,0.53,0.42,2024-02-18,2023,N20,VIIRS,n,2,290.23,2.08,N,0,2,0.71,0.71
13.47734,78.24176,301.6,0.39,0.36,2024-02-18,2024,N20,VIIRS,n,2,291.06,1.97,N,0,2,0.8,0.8
23.79495,85.55782,301.02,0.39,0.36,2024-02-19,2002,N20,VIIRS,n,2,290.82,1.75,N,0,2,0.8,0.8
17.33276,73.83348,307.96,0.35,0.56,2024-02-19,2005,N20,VIIRS,n,2,289.83,3.77,N,0,2,0.79,0.79
17.78972,73.85474,305.57,0.35,0.57,2024-02-19,2005,N20,VIIRS,n,2,290.6,1.28,N,0,2,0.78,0.78
14.05073,78.57169,305.67,0.48,0.4,2024-02-19,2005,N20,VIIRS,n,2,293.5,1.04,N,0,2,0.75,0.75
15.82974,78.76585,310.13,0.49,0.4,2024-02-19,2005,N20,VIIRS,n,2,292.22,1.33,N,0,2,0.71,0.71
22.55109,76.01868,306.21,0.54,0.68,2024-02-20,2125,N20,VIIRS,n,2,288.84,1.32,N,0,2,0.74,0.74
18.50908,73.65159,300.49,0.47,0.64,2024-02-20,2126,N20,VIIRS,n,2,287.92,0.6,N,0,2,0.76,0.76
16.0704,78.9724,305.11,0.65,0.73,2024-02-21,1927,N20,VIIRS,n,2,292.78,1.63,N,0,2,0.78,0.78
20.00826,79.18346,303.5,0.49,0.65,2024-02-21,2106,N20,VIIRS,n,2,289.62,1.36,N,0,2,0.75,0.75
19.92521,78.71846,301.2,0.45,0.47,2024-02-22,2048,N20,VIIRS,n,2,290.94,1.58,N,0,2,0.79,0.79
10.07651,77.44909,307.04,0.56,0.51,2024-02-22,2050,N20,VIIRS,n,2,290.02,1.69,N,0,2,0.85,0.85
23.4858,87.36575,298.51,0.34,0.56,2024-02-23,2027,N20,VIIRS,n,2,287.08,0.98,N,0,2,0.83,0.83
24.36068,73.81915,300.35,0.52,0.41,2024-02-23,2028,N20,VIIRS,n,2,289.49,1.85,N,0,2,0.85,0.85
21.16743,73.57362,296.33,0.63,0.54,2024-02-24,2010,N20,VIIRS,n,2,285.99,1.64,N,0,2,0.72,0.72
18.55088,73.64595,300.13,0.58,0.52,2024-02-24,2011,N20,VIIRS,n,2,288.29,1.23,N,0,2,0.8,0.8
18.02749,73.50396,306.18,0.58,0.52,2024-02-24,2011,N20,VIIRS,n,2,291.63,1.49,N,0,2,0.71,0.71
17.80505,73.1692,308.23,0.61,0.53,2024-02-24,2011,N20,VIIRS,n,2,290.24,1.39,N,0,2,0.74,0.74
14.20384,78.59076,323.46,0.41,0.37,2024-02-24,2012,N20,VIIRS,n,2,293.98,2.97,N,0,2,0.78,0.78
31.00775,77.6722,295.64,0.45,0.63,2024-02-25,1948,N20,VIIRS,n,2,273.65,0.91,N,0,2,0.82,0.82
23.78856,87.07735,301.32,0.39,0.36,2024-02-25,1950,N20,VIIRS,n,2,290.37,1.82,N,0,2,0.93,0.93
19.11236,78.8465,306.62,0.55,0.51,2024-02-25,1951,N20,VIIRS,n,2,287.75,1.64,N,0,2,0.82,0.82
19.22942,73.81445,308.47,0.59,0.7,2024-02-25,1952,N20,VIIRS,n,2,286.15,1.77,N,0,2,0.82,0.82
17.67202,73.39278,298.98,0.61,0.71,2024-02-25,1952,N20,VIIRS,n,2,288.83,1.38,N,0,2,0.78,0.78
18.06089,73.44136,307.54,0.61,0.71,2024-02-25,1952,N20,VIIRS,n,2,291.29,2.45,N,0,2,0.73,0.73
12.0795,76.63577,313.78,0.62,0.54,2024-02-25,1953,N20,VIIRS,n,2,292.36,2.27,N,0,2,0.81,0.81
18.09418,73.22832,309.48,0.57,0.69,2024-02-25,2132,N20,VIIRS,n,2,290.32,1.71,N,0,2,0.75,0.75
18.35628,73.61029,300.58,0.59,0.7,2024-02-25,2132,N20,VIIRS,n,2,287.13,1.12,N,0,2,0.75,0.75
17.08276,73.99485,299.26,0.67,0.73,2024-02-25,2133,N20,VIIRS,n,2,288.06,1.29,N,0,2,0.9,0.9
21.00027,86.01367,301.73,0.41,0.45,2024-02-26,1932,N20,VIIRS,n,2,290.41,1.44,N,0,2,0.75,0.75
17.62094,73.90189,305.87,0.63,0.54,2024-02-26,2114,N20,VIIRS,n,2,289.08,2.27,N,0,2,0.74,0.74
15.1828,76.51992,301.62,0.52,0.67,2024-02-26,2114,N20,VIIRS,n,2,290.28,1.87,N,0,2,0.78,0.78
23.84081,84.94777,298.62,0.52,0.67,2024-02-27,1912,N20,VIIRS,n,2,283.89,0.86,N,0,2,0.72,0.72
23.69803,87.11576,304.99,0.76,0.77,2024-02-28,1853,N20,VIIRS,n,2,290.45,3.8,N,0,2,0.9,0.9
23.7123,87.24434,310.91,0.41,0.61,2024-02-28,2034,N20,VIIRS,n,2,289.56,1.72,N,0,2,0.77,0.77
17.21655,74.44679,316.64,0.39,0.36,2024-02-28,2036,N20,VIIRS,n,2,287.97,1.22,N,0,2,0.72,0.72
16.67397,74.52574,304.22,0.38,0.36,2024-02-28,2036,N20,VIIRS,n,2,290.1,1.54,N,0,2,0.72,0.72
16.81101,74.45694,311.81,0.38,0.36,2024-02-28,2036,N20,VIIRS,n,2,290.96,1.08,N,0,2,0.78,0.78
10.03291,77.06868,302.67,0.5,0.41,2024-02-28,2038,N20,VIIRS,n,2,289.5,1.27,N,0,2,0.77,0.77
22.01642,83.75645,305.89,0.44,0.39,2024-02-29,2016,N20,VIIRS,n,2,291.48,1.94,N,0,2,0.83,0.83
13.46993,75.86852,303.33,0.45,0.39,2024-02-29,2018,N20,VIIRS,n,2,288.76,1.01,N,0,2,0.71,0.71
26.79458,94.68754,300.0,0.53,0.5,2024-03-01,1955,N20,VIIRS,n,2,285.8,0.9,N,0,2,0.71,0.71
23.69612,85.28944,308.55,0.39,0.36,2024-03-01,1956,N20,VIIRS,n,2,289.46,2.03,N,0,2,0.92,0.92
18.65578,73.60327,302.38,0.47,0.64,2024-03-01,1958,N20,VIIRS,n,2,288.22,1.32,N,0,2,0.72,0.72
16.32165,76.12193,316.43,0.6,0.53,2024-03-01,1959,N20,VIIRS,n,2,293.08,1.48,N,0,2,0.71,0.71
23.78074,92.71249,309.51,0.41,0.37,2024-03-02,1937,N20,VIIRS,n,2,287.95,0.96,N,0,2,0.76,0.76
22.06506,83.33385,302.15,0.5,0.66,2024-03-03,1919,N20,VIIRS,n,2,288.57,1.19,N,0,2,0.71,0.71
19.09254,84.45177,304.14,0.39,0.59,2024-03-03,1920,N20,VIIRS,n,2,291.8,1.45,N,0,2,0.74,0.74
12.4015,78.84371,303.77,0.77,0.77,2024-03-03,1922,N20,VIIRS,n,2,289.79,2.11,N,0,2,0.9,0.9
22.57455,76.36771,298.47,0.45,0.47,2024-03-03,2100,N20,VIIRS,n,2,288.08,0.83,N,0,2,0.73,0.73
22.47538,73.12141,304.73,0.46,0.39,2024-03-03,2100,N20,VIIRS,n,2,286.14,3.72,N,0,2,0.78,0.78
19.12409,77.06062,301.93,0.58,0.52,2024-03-03,2101,N20,VIIRS,n,2,288.94,1.21,N,0,2,0.78,0.78
25.32399,93.90523,302.31,0.47,0.48,2024-03-04,1859,N20,VIIRS,n,2,280.83,1.58,N,0,2,0.84,0.84
16.25893,76.08029,301.7,0.45,0.39,2024-03-04,2043,N20,VIIRS,n,2,290.09,1.8,N,0,2,0.91,0.91
26.16643,91.89456,301.33,0.46,0.47,2024-03-06,2001,N20,VIIRS,n,2,287.33,1.07,N,0,2,0.76,0.76
26.27366,93.20557,312.52,0.55,0.51,2024-03-06,2001,N20,VIIRS,n,2,286.28,2.21,N,0,2,0.77,0.77
22.61228,76.48344,310.53,0.54,0.51,2024-03-06,2003,N20,VIIRS,n,2,290.77,1.79,N,0,2,0.76,0.76
17.95147,73.83648,314.77,0.35,0.57,2024-03-06,2004,N20,VIIRS,n,2,289.89,2.37,N,0,2,0.71,0.71
19.71168,74.68222,300.85,0.67,0.74,2024-03-07,1945,N20,VIIRS,n,2,287.69,0.97,N,0,2,0.84,0.84
21.12483,73.96665,299.51,0.77,0.77,2024-03-07,1945,N20,VIIRS,n,2,287.69,1.17,N,0,2,0.73,0.73
21.3619,75.25069,302.85,0.64,0.72,2024-03-07,1945,N20,VIIRS,n,2,289.57,1.17,N,0,2,0.71,0.71
18.50931,75.26311,303.31,0.59,0.7,2024-03-07,2126,N20,VIIRS,n,2,286.22,1.42,N,0,2,0.83,0.83
25.65527,93.1267,300.63,0.4,0.37,2024-03-08,1924,N20,VIIRS,n,2,287.62,0.87,N,0,2,0.71,0.71
26.03119,93.35954,313.86,0.39,0.36,2024-03-08,1924,N20,VIIRS,n,2,288.37,1.46,N,0,2,0.79,0.79
20.99979,86.02374,301.06,0.52,0.5,2024-03-08,1925,N20,VIIRS,n,2,289.28,1.72,N,0,2,0.79,0.79
18.04029,80.084,312.87,0.58,0.7,2024-03-08,1926,N20,VIIRS,n,2,290.98,2.77,N,0,2,0.71,0.71
16.00165,79.13624,305.63,0.64,0.72,2024-03-08,1927,N20,VIIRS,n,2,288.83,1.88,N,0,2,0.83,0.83
18.60434,74.5288,311.85,0.52,0.5,2024-03-08,2107,N20,VIIRS,n,2,287.33,2.16,N,0,2,0.75,0.75
19.35753,75.57784,312.52,0.58,0.52,2024-03-08,2107,N20,VIIRS,n,2,286.95,2.29,N,0,2,0.84,0.84
19.5123,75.14226,309.69,0.54,0.51,2024-03-08,2107,N20,VIIRS,n,2,286.84,2.04,N,0,2,0.72,0.72
25.7586,91.04026,298.57,0.57,0.52,2024-03-09,1905,N20,VIIRS,n,2,284.94,1.13,N,0,2,0.71,0.71
19.64951,73.05979,305.72,0.5,0.41,2024-03-10,2029,N20,VIIRS,n,2,291.29,2.59,N,0,2,0.77,0.77
18.53954,74.53676,307.84,0.42,0.38,2024-03-10,2029,N20,VIIRS,n,2,289.06,2.27,N,0,2,0.76,0.76
25.72544,90.80057,301.82,0.5,0.49,2024-03-11,2008,N20,VIIRS,n,2,286.78,0.75,N,0,2,0.71,0.71
20.21053,73.69357,316.58,0.61,0.53,2024-03-11,2010,N20,VIIRS,n,2,290.73,2.44,N,0,2,0.77,0.77
10.23166,77.28433,319.56,0.43,0.38,2024-03-11,2013,N20,VIIRS,n,2,284.76,2.19,N,0,2,0.79,0.79
25.75059,91.2142,316.17,0.44,0.39,2024-03-12,1949,N20,VIIRS,n,2,286.87,1.66,N,0,2,0.77,0.77
28.48009,77.66602,298.83,0.42,0.61,2024-03-12,1949,N20,VIIRS,n,2,287.79,0.66,N,0,2,0.71,0.71
25.06021,93.83981,314.9,0.41,0.45,2024-03-12,1949,N20,VIIRS,n,2,283.55,2.7,N,0,2,0.81,0.81
23.80469,85.53704,302.57,0.41,0.37,2024-03-12,1950,N20,VIIRS,n,2,290.38,1.23,N,0,2,0.71,0.71
23.77025,93.09861,306.4,0.39,0.36,2024-03-13,1931,N20,VIIRS,n,2,287.98,1.55,N,0,2,0.78,0.78
23.101,78.11488,300.37,0.7,0.75,2024-03-13,1931,N20,VIIRS,n,2,290.33,1.49,N,0,2,0.93,0.93
18.49073,76.66895,308.4,0.78,0.78,2024-03-13,1933,N20,VIIRS,n,2,288.08,1.36,N,0,2,0.72,0.72
19.95271,82.30437,302.85,0.71,0.75,2024-03-14,1913,N20,VIIRS,n,2,291.74,2.3,N,0,2,0.72,0.72
25.38562,74.69293,305.49,0.42,0.38,2024-03-14,2053,N20,VIIRS,n,2,289.12,0.89,N,0,2,0.82,0.82
25.94031,92.17873,314.26,0.38,0.59,2024-03-15,1852,N20,VIIRS,n,2,287.5,3.13,N,0,2,0.8,0.8
23.05195,92.41352,311.08,0.7,0.75,2024-03-16,1834,N20,VIIRS,n,2,290.39,2.08,N,0,2,0.75,0.75
26.70309,90.14393,300.08,0.55,0.51,2024-03-16,2014,N20,VIIRS,n,2,289.09,1.18,N,0,2,0.75,0.75
26.71691,90.94667,299.63,0.61,0.53,2024-03-16,2014,N20,VIIRS,n,2,288.6,1.76,N,0,2,0.72,0.72
23.81182,74.62289,310.27,0.47,0.47,2024-03-16,2015,N20,VIIRS,n,2,292.58,2.79,N,0,2,0.75,0.75
19.59636,74.58716,317.01,0.41,0.45,2024-03-16,2016,N20,VIIRS,n,2,288.21,2.33,N,0,2,0.73,0.73
26.89363,88.87657,306.91,0.41,0.37,2024-03-17,1955,N20,VIIRS,n,2,288.89,2.0,N,0,2,0.8,0.8
26.79341,89.27348,309.58,0.42,0.38,2024-03-17,1955,N20,VIIRS,n,2,290.58,0.96,N,0,2,0.75,0.75
24.35518,74.90051,302.9,0.46,0.63,2024-03-17,1956,N20,VIIRS,n,2,285.61,1.37,N,0,2,0.73,0.73
24.27728,74.46765,299.27,0.48,0.65,2024-03-17,1956,N20,VIIRS,n,2,288.54,1.5,N,0,2,0.77,0.77
23.41834,72.35188,305.42,0.65,0.73,2024-03-17,1957,N20,VIIRS,n,2,289.39,1.25,N,0,2,0.76,0.76
23.22984,74.49387,311.83,0.47,0.64,2024-03-17,1957,N20,VIIRS,n,2,291.37,3.19,N,0,2,0.83,0.83
17.36085,76.92587,306.56,0.55,0.51,2024-03-17,1958,N20,VIIRS,n,2,286.95,4.43,N,0,2,0.71,0.71
22.12954,73.85301,301.04,0.63,0.72,2024-03-17,2137,N20,VIIRS,n,2,290.65,2.62,N,0,2,0.8,0.8
27.2508,88.50547,314.73,0.45,0.39,2024-03-18,1936,N20,VIIRS,n,2,285.3,0.96,N,0,2,0.73,0.73
22.72128,77.39651,302.85,0.61,0.71,2024-03-18,1938,N20,VIIRS,n,2,287.79,1.04,N,0,2,0.8,0.8
22.57562,77.39188,299.52,0.52,0.67,2024-03-18,2118,N20,VIIRS,n,2,286.1,0.93,N,0,2,0.83,0.83
24.69285,73.37676,305.8,0.53,0.5,2024-03-18,2118,N20,VIIRS,n,2,289.9,1.89,N,0,2,0.79,0.79
23.12731,78.1896,301.16,0.57,0.69,2024-03-18,2118,N20,VIIRS,n,2,288.28,1.23,N,0,2,0.81,0.81
22.35185,69.93903,306.39,0.55,0.42,2024-03-18,2119,N20,VIIRS,n,2,284.72,1.7,N,0,2,0.76,0.76
13.50742,78.98706,302.77,0.78,0.78,2024-03-19,1921,N20,VIIRS,n,2,290.9,2.2,N,0,2,0.76,0.76
24.1514,74.48109,306.43,0.5,0.41,2024-03-19,2059,N20,VIIRS,n,2,284.52,2.0,N,0,2,0.8,0.8
22.8182,76.72344,308.84,0.47,0.48,2024-03-19,2059,N20,VIIRS,n,2,286.33,4.0,N,0,2,0.84,0.84
22.20799,77.21741,312.49,0.52,0.5,2024-03-19,2100,N20,VIIRS,n,2,284.62,2.48,N,0,2,0.72,0.72
10.11821,77.32171,313.9,0.44,0.63,2024-03-19,2103,N20,VIIRS,n,2,288.7,2.67,N,0,2,0.86,0.86
25.01015,73.56057,308.35,0.41,0.37,2024-03-20,2040,N20,VIIRS,n,2,290.71,1.95,N,0,2,0.78,0.78
24.72156,73.25358,301.14,0.41,0.37,2024-03-20,2040,N20,VIIRS,n,2,286.87,0.93,N,0,2,0.77,0.77
22.10704,83.52393,306.87,0.32,0.55,2024-03-20,2040,N20,VIIRS,n,2,286.93,1.03,N,0,2,0.83,0.83
20.96703,85.07903,309.28,0.43,0.62,2024-03-20,2040,N20,VIIRS,n,2,285.92,2.06,N,0,2,0.73,0.73
23.83772,85.4711,301.91,0.57,0.43,2024-03-21,2019,N20,VIIRS,n,2,289.35,1.32,N,0,2,0.8,0.8
24.96912,73.55724,301.28,0.48,0.48,2024-03-21,2019,N20,VIIRS,n,2,290.82,1.79,N,0,2,0.82,0.82
22.14945,76.32048,304.81,0.47,0.4,2024-03-21,2020,N20,VIIRS,n,2,284.32,1.46,N,0,2,0.86,0.86
22.50228,75.85771,304.27,0.5,0.41,2024-03-21,2020,N20,VIIRS,n,2,291.65,1.3,N,0,2,0.8,0.8
22.50536,75.87468,302.23,0.5,0.41,2024-03-21,2020,N20,VIIRS,n,2,291.39,1.31,N,0,2,0.75,0.75
22.85467,77.28659,306.71,0.43,0.38,2024-03-21,2020,N20,VIIRS,n,2,284.67,2.46,N,0,2,0.71,0.71
18.34481,73.1142,309.54,0.42,0.45,2024-03-21,2021,N20,VIIRS,n,2,293.34,2.0,N,0,2,0.76,0.76
22.73333,77.39626,302.93,0.55,0.51,2024-03-22,1959,N20,VIIRS,n,2,288.58,2.33,N,0,2,0.71,0.71
22.56199,77.37725,304.26,0.54,0.51,2024-03-22,1959,N20,VIIRS,n,2,288.43,1.34,N,0,2,0.74,0.74
24.54507,72.68845,301.79,0.5,0.49,2024-03-23,2119,N20,VIIRS,n,2,285.61,0.99,N,0,2,0.74,0.74
22.95315,77.4519,318.4,0.5,0.49,2024-03-24,2058,N20,VIIRS,n,2,293.31,2.24,N,0,2,0.74,0.74
25.9795,77.17269,301.6,0.42,0.46,2024-03-24,2058,N20,VIIRS,n,2,289.75,0.95,N,0,2,0.88,0.88
22.21635,77.06316,301.44,0.49,0.49,2024-03-24,2059,N20,VIIRS,n,2,290.42,1.68,N,0,2,0.87,0.87
23.59685,73.39235,314.58,0.45,0.39,2024-03-24,2059,N20,VIIRS,n,2,294.68,2.0,N,0,2,0.72,0.72
22.65767,77.38206,312.9,0.5,0.49,2024-03-24,2059,N20,VIIRS,n,2,289.21,2.03,N,0,2,0.74,0.74
22.56271,77.49396,303.73,0.51,0.5,2024-03-24,2059,N20,VIIRS,n,2,290.28,3.89,N,0,2,0.94,0.94
23.84143,84.95372,309.04,0.34,0.56,2024-03-25,2037,N20,VIIRS,n,2,290.39,1.59,N,0,2,0.77,0.77
13.51209,75.79011,306.98,0.44,0.38,2024-03-25,2041,N20,VIIRS,n,2,291.23,3.05,N,0,2,0.8,0.8
26.7973,94.68826,305.9,0.55,0.68,2024-03-26,2016,N20,VIIRS,n,2,284.5,1.88,N,0,2,0.78,0.78
24.27397,79.4949,302.15,0.4,0.37,2024-03-26,2017,N20,VIIRS,n,2,289.85,1.95,N,0,2,0.83,0.83
25.03172,73.36585,303.2,0.54,0.5,2024-03-26,2017,N20,VIIRS,n,2,282.08,1.17,N,0,2,0.73,0.73
22.78725,75.43713,307.96,0.57,0.43,2024-03-26,2018,N20,VIIRS,n,2,284.41,1.79,N,0,2,0.76,0.76
22.62369,77.51727,303.07,0.44,0.39,2024-03-26,2018,N20,VIIRS,n,2,292.89,2.27,N,0,2,0.86,0.86
10.12508,77.40101,301.17,0.38,0.36,2024-03-26,2021,N20,VIIRS,n,2,289.54,2.77,N,0,2,0.9,0.9
22.75379,77.0321,304.69,0.63,0.54,2024-03-27,1957,N20,VIIRS,n,2,286.23,3.04,N,0,2,0.77,0.77
22.51385,77.65964,306.75,0.57,0.52,2024-03-27,1957,N20,VIIRS,n,2,290.52,1.69,N,0,2,0.71,0.71
22.42616,77.5279,318.52,0.58,0.52,2024-03-27,1957,N20,VIIRS,n,2,291.32,3.16,N,0,2,0.71,0.71
18.51503,76.18147,309.66,0.63,0.54,2024-03-27,1958,N20,VIIRS,n,2,290.58,3.15,N,0,2,0.76,0.76
24.13623,74.53589,302.11,0.64,0.72,2024-03-27,2137,N20,VIIRS,n,2,289.07,1.35,N,0,2,0.75,0.75
22.69919,77.64632,306.06,0.62,0.71,2024-03-28,1936,N20,VIIRS,n,2,291.26,3.09,N,0,2,0.71,0.71
22.57186,77.68478,304.37,0.61,0.71,2024-03-28,1936,N20,VIIRS,n,2,291.58,2.1,N,0,2,0.71,0.71
11.49812,76.5847,298.65,0.54,0.68,2024-03-28,1940,N20,VIIRS,n,2,286.1,1.48,N,0,2,0.76,0.76
30.63148,78.39645,297.99,0.57,0.43,2024-03-29,2054,N20,VIIRS,n,2,282.76,0.98,N,0,2,0.71,0.71
24.33304,74.63001,314.52,0.47,0.39,2024-03-29,2056,N20,VIIRS,n,2,291.9,1.42,N,0,2,0.77,0.77
22.64215,77.66106,311.08,0.48,0.48,2024-03-29,2056,N20,VIIRS,n,2,291.17,2.24,N,0,2,0.86,0.86
22.64766,77.5665,309.33,0.48,0.48,2024-03-29,2056,N20,VIIRS,n,2,289.11,4.03,N,0,2,0.78,0.78
22.58492,77.67355,306.63,0.49,0.48,2024-03-29,2056,N20,VIIRS,n,2,290.67,1.97,N,0,2,0.79,0.79
22.45398,77.25191,301.72,0.46,0.47,2024-03-29,2056,N20,VIIRS,n,2,289.06,2.14,N,0,2,0.75,0.75
14.86739,79.10346,316.12,0.39,0.44,2024-03-30,2038,N20,VIIRS,n,2,291.99,4.26,N,0,2,0.81,0.81
9.90034,77.22865,307.91,0.54,0.42,2024-03-30,2039,N20,VIIRS,n,2,293.43,2.24,N,0,2,0.73,0.73
24.12233,74.07732,313.92,0.51,0.49,2024-03-31,2015,N20,VIIRS,n,2,288.22,2.37,N,0,2,0.79,0.79
23.10878,78.05932,301.1,0.45,0.39,2024-03-31,2015,N20,VIIRS,n,2,290.9,0.98,N,0,2,0.77,0.77
22.79763,78.46061,320.93,0.43,0.38,2024-03-31,2015,N20,VIIRS,n,2,291.21,1.79,N,0,2,0.77,0.77
22.00999,78.07947,307.67,0.44,0.38,2024-03-31,2016,N20,VIIRS,n,2,292.28,1.17,N,0,2,0.73,0.73
18.19653,82.19323,309.52,0.42,0.38,2024-03-31,2016,N20,VIIRS,n,2,293.96,1.87,N,0,2,0.72,0.72
28.44805,80.0065,309.34,0.52,0.5,2024-04-01,1953,N20,VIIRS,n,2,289.54,1.94,N,0,2,0.79,0.79
28.92912,79.62278,306.94,0.55,0.51,2024-04-01,1953,N20,VIIRS,n,2,284.64,1.5,N,0,2,0.86,0.86
28.19329,80.51766,310.42,0.48,0.48,2024-04-01,1953,N20,VIIRS,n,2,289.64,2.29,N,0,2,0.77,0.77
23.27659,78.17987,307.52,0.58,0.52,2024-04-01,1955,N20,VIIRS,n,2,290.01,2.0,N,0,2,0.72,0.72
23.17169,75.73508,305.28,0.42,0.61,2024-04-01,1955,N20,VIIRS,n,2,287.58,1.26,N,0,2,0.78,0.78
22.8214,78.55759,308.36,0.55,0.51,2024-04-01,1955,N20,VIIRS,n,2,290.3,1.68,N,0,2,0.72,0.72
22.78136,77.85197,302.64,0.6,0.53,2024-04-01,1955,N20,VIIRS,n,2,289.16,3.32,N,0,2,0.75,0.75
22.7576,77.91306,303.21,0.6,0.53,2024-04-01,1955,N20,VIIRS,n,2,288.54,2.65,N,0,2,0.82,0.82
22.75211,77.91829,307.24,0.6,0.53,2024-04-01,1955,N20,VIIRS,n,2,288.69,2.65,N,0,2,0.79,0.79
22.63971,77.83234,300.03,0.6,0.53,2024-04-01,1955,N20,VIIRS,n,2,289.77,2.85,N,0,2,0.72,0.72
22.6211,77.67286,307.97,0.62,0.54,2024-04-01,1955,N20,VIIRS,n,2,290.05,1.97,N,0,2,0.71,0.71
22.61929,77.69093,300.12,0.62,0.54,2024-04-01,1955,N20,VIIRS,n,2,289.7,1.23,N,0,2,0.82,0.82
22.577,77.76464,302.11,0.61,0.53,2024-04-01,1955,N20,VIIRS,n,2,290.0,1.82,N,0,2,0.86,0.86
18.55431,82.00446,307.4,0.46,0.39,2024-04-01,1956,N20,VIIRS,n,2,296.46,1.07,N,0,2,0.71,0.71
17.42198,74.03643,312.55,0.46,0.64,2024-04-01,1956,N20,VIIRS,n,2,293.2,2.91,N,0,2,0.76,0.76
23.34803,75.91469,297.79,0.75,0.77,2024-04-01,2135,N20,VIIRS,n,2,287.27,0.7,N,0,2,0.73,0.73
27.28908,83.47214,299.53,0.32,0.55,2024-04-02,1933,N20,VIIRS,n,2,288.16,0.74,N,0,2,0.81,0.81
25.79935,91.61179,302.58,0.39,0.36,2024-04-02,1933,N20,VIIRS,n,2,288.11,0.72,N,0,2,0.75,0.75
23.36127,77.29484,302.82,0.72,0.75,2024-04-02,1934,N20,VIIRS,n,2,286.0,1.62,N,0,2,0.78,0.78
23.37074,79.97765,312.3,0.48,0.65,2024-04-02,1934,N20,VIIRS,n,2,288.76,4.03,N,0,2,0.74,0.74
19.16318,80.28371,307.77,0.41,0.61,2024-04-02,1935,N20,VIIRS,n,2,292.68,5.24,N,0,2,0.71,0.71
11.57943,77.58816,306.31,0.51,0.66,2024-04-02,1937,N20,VIIRS,n,2,289.28,2.68,N,0,2,0.8,0.8
11.57855,77.58646,307.41,0.5,0.66,2024-04-02,1937,N20,VIIRS,n,2,289.37,3.58,N,0,2,0.81,0.81
11.19519,76.60095,305.71,0.58,0.7,2024-04-02,1937,N20,VIIRS,n,2,288.5,2.19,N,0,2,0.76,0.76
22.59054,77.57999,300.89,0.47,0.64,2024-04-02,2115,N20,VIIRS,n,2,290.46,1.42,N,0,2,0.82,0.82
22.64197,77.72567,309.08,0.48,0.64,2024-04-02,2115,N20,VIIRS,n,2,290.47,2.11,N,0,2,0.71,0.71
17.44779,78.18967,306.03,0.66,0.73,2024-04-02,2116,N20,VIIRS,n,2,287.45,4.86,N,0,2,0.81,0.81
26.27832,85.17284,305.25,0.52,0.67,2024-04-03,1912,N20,VIIRS,n,2,290.24,2.94,N,0,2,0.87,0.87
17.77715,82.44185,307.04,0.63,0.72,2024-04-03,1915,N20,VIIRS,n,2,288.69,1.8,N,0,2,0.84,0.84
25.12362,86.40829,305.81,0.69,0.74,2024-04-03,2053,N20,VIIRS,n,2,287.05,4.79,N,0,2,0.72,0.72
24.49496,79.33981,306.32,0.52,0.5,2024-04-03,2054,N20,VIIRS,n,2,289.94,1.84,N,0,2,0.75,0.75
22.60608,77.95123,303.11,0.47,0.47,2024-04-03,2054,N20,VIIRS,n,2,291.16,2.18,N,0,2,0.77,0.77
22.61609,77.83372,320.31,0.46,0.47,2024-04-03,2054,N20,VIIRS,n,2,291.39,2.01,N,0,2,0.74,0.74
30.314,79.21407,311.02,0.39,0.36,2024-04-04,2032,N20,VIIRS,n,2,285.92,2.24,N,0,2,0.93,0.93
22.17407,80.20042,309.92,0.5,0.41,2024-04-04,2034,N20,VIIRS,n,2,290.19,1.29,N,0,2,0.72,0.72
19.8013,80.72693,305.06,0.38,0.43,2024-04-04,2035,N20,VIIRS,n,2,290.21,2.65,N,0,2,0.75,0.75
19.19953,81.37534,306.49,0.43,0.46,2024-04-04,2035,N20,VIIRS,n,2,290.47,2.95,N,0,2,0.78,0.78
17.83746,73.8249,310.52,0.4,0.37,2024-04-04,2036,N20,VIIRS,n,2,288.65,2.1,N,0,2,0.81,0.81
29.69306,79.48563,305.35,0.45,0.39,2024-04-05,2013,N20,VIIRS,n,2,285.67,0.88,N,0,2,0.79,0.79
29.52338,79.95554,305.03,0.43,0.38,2024-04-05,2014,N20,VIIRS,n,2,289.84,1.18,N,0,2,0.85,0.85
29.39817,79.59473,305.93,0.45,0.39,2024-04-05,2014,N20,VIIRS,n,2,286.32,1.43,N,0,2,0.78,0.78
23.07726,84.452,304.09,0.46,0.39,2024-04-05,2015,N20,VIIRS,n,2,288.8,0.74,N,0,2,0.72,0.72
23.69278,78.3176,311.41,0.44,0.39,2024-04-05,2015,N20,VIIRS,n,2,292.98,1.59,N,0,2,0.71,0.71
23.11278,75.67496,309.77,0.39,0.44,2024-04-05,2015,N20,VIIRS,n,2,290.01,1.45,N,0,2,0.71,0.71
22.6618,78.18012,311.28,0.44,0.38,2024-04-05,2015,N20,VIIRS,n,2,282.91,2.88,N,0,2,0.8,0.8
18.51977,81.1598,308.63,0.39,0.36,2024-04-05,2016,N20,VIIRS,n,2,297.15,1.27,N,0,2,0.75,0.75
28.34224,79.97659,301.15,0.48,0.48,2024-04-06,1955,N20,VIIRS,n,2,290.21,1.36,N,0,2,0.82,0.82
21.58504,84.77007,301.49,0.39,0.36,2024-04-06,1957,N20,VIIRS,n,2,284.27,1.64,N,0,2,0.85,0.85
22.31523,82.56631,307.48,0.45,0.39,2024-04-06,1957,N20,VIIRS,n,2,281.59,1.59,N,0,2,0.78,0.78
22.88296,78.45447,304.72,0.52,0.5,2024-04-06,1957,N20,VIIRS,n,2,285.0,1.61,N,0,2,0.87,0.87
20.91924,78.66245,309.29,0.47,0.48,2024-04-06,1957,N20,VIIRS,n,2,284.58,2.68,N,0,2,0.71,0.71
17.42873,80.34846,316.46,0.51,0.41,2024-04-06,1958,N20,VIIRS,n,2,299.41,2.71,N,0,2,0.81,0.81
18.36903,82.37933,310.01,0.42,0.38,2024-04-06,1958,N20,VIIRS,n,2,289.11,2.24,N,0,2,0.87,0.87
18.62768,80.58305,321.99,0.51,0.41,2024-04-06,1958,N20,VIIRS,n,2,299.75,2.5,N,0,2,0.73,0.73
18.64498,82.35392,308.76,0.43,0.38,2024-04-06,1958,N20,VIIRS,n,2,288.47,2.66,N,0,2,0.75,0.75
14.52408,79.09409,310.83,0.55,0.43,2024-04-06,1959,N20,VIIRS,n,2,287.52,2.74,N,0,2,0.71,0.71
14.50107,79.11495,306.73,0.55,0.43,2024-04-06,1959,N20,VIIRS,n,2,289.12,2.69,N,0,2,0.71,0.71
12.35317,75.22784,303.56,0.61,0.54,2024-04-06,2000,N20,VIIRS,n,2,290.96,2.97,N,0,2,0.86,0.86
11.51556,76.79721,306.87,0.47,0.48,2024-04-06,2000,N20,VIIRS,n,2,293.83,1.82,N,0,2,0.88,0.88
18.01865,73.32542,302.39,0.73,0.76,2024-04-06,2138,N20,VIIRS,n,2,288.49,2.93,N,0,2,0.75,0.75
22.82932,78.30053,302.82,0.53,0.67,2024-04-07,1938,N20,VIIRS,n,2,289.62,1.25,N,0,2,0.77,0.77
22.8422,78.2964,310.63,0.53,0.67,2024-04-07,1938,N20,VIIRS,n,2,289.19,2.54,N,0,2,0.72,0.72
22.81468,78.22728,301.36,0.54,0.68,2024-04-07,1938,N20,VIIRS,n,2,288.85,2.81,N,0,2,0.82,0.82
21.82264,85.24837,299.89,0.56,0.43,2024-04-07,1938,N20,VIIRS,n,2,288.19,2.31,N,0,2,0.73,0.73
22.70478,78.23209,310.99,0.53,0.67,2024-04-07,1938,N20,VIIRS,n,2,288.95,1.83,N,0,2,0.75,0.75
22.71514,78.23646,300.61,0.53,0.67,2024-04-07,1938,N20,VIIRS,n,2,288.87,2.21,N,0,2,0.71,0.71
18.98114,80.57514,308.02,0.34,0.56,2024-04-07,1939,N20,VIIRS,n,2,291.32,3.79,N,0,2,0.73,0.73
19.23082,81.3034,305.74,0.61,0.54,2024-04-07,1939,N20,VIIRS,n,2,290.91,1.84,N,0,2,0.77,0.77
19.26249,81.34869,304.72,0.61,0.54,2024-04-07,1939,N20,VIIRS,n,2,291.61,2.78,N,0,2,0.81,0.81
19.37765,81.2592,311.65,0.62,0.54,2024-04-07,1939,N20,VIIRS,n,2,290.05,2.08,N,0,2,0.82,0.82
19.26128,83.2127,315.71,0.46,0.47,2024-04-07,1939,N20,VIIRS,n,2,294.35,2.25,N,0,2,0.79,0.79
19.82947,83.70689,310.6,0.44,0.46,2024-04-07,1939,N20,VIIRS,n,2,292.61,1.7,N,0,2,0.79,0.79
29.39126,79.57917,303.19,0.5,0.66,2024-04-07,2116,N20,VIIRS,n,2,284.63,1.34,N,0,2,0.81,0.81
29.36419,79.56185,298.09,0.5,0.66,2024-04-07,2116,N20,VIIRS,n,2,285.45,1.13,N,0,2,0.84,0.84
22.82411,78.47377,298.92,0.61,0.71,2024-04-07,2118,N20,VIIRS,n,2,288.12,2.3,N,0,2,0.71,0.71
23.20398,76.67035,308.48,0.46,0.63,2024-04-07,2118,N20,VIIRS,n,2,286.92,2.17,N,0,2,0.77,0.77
24.14989,74.33419,300.95,0.62,0.54,2024-04-07,2118,N20,VIIRS,n,2,290.71,2.27,N,0,2,0.91,0.91
27.22112,92.35488,311.61,0.49,0.4,2024-04-08,1917,N20,VIIRS,n,2,283.27,3.44,N,0,2,0.9,0.9
26.32061,93.16715,301.6,0.44,0.38,2024-04-08,1918,N20,VIIRS,n,2,289.82,0.95,N,0,2,0.9,0.9
29.69771,79.72684,301.1,0.53,0.5,2024-04-08,2058,N20,VIIRS,n,2,283.31,1.33,N,0,2,0.81,0.81
29.72244,79.72255,303.86,0.53,0.5,2024-04-08,2058,N20,VIIRS,n,2,284.25,1.99,N,0,2,0.78,0.78
30.26665,78.40314,305.28,0.43,0.46,2024-04-08,2058,N20,VIIRS,n,2,286.9,2.97,N,0,2,0.9,0.9
30.26469,75.17284,302.77,0.45,0.39,2024-04-08,2058,N20,VIIRS,n,2,289.54,1.27,N,0,2,0.75,0.75
29.24482,79.73829,298.59,0.54,0.51,2024-04-08,2058,N20,VIIRS,n,2,286.37,1.14,N,0,2,0.71,0.71
11.43928,76.61228,295.08,0.38,0.59,2024-04-08,2103,N20,VIIRS,n,2,284.9,0.72,N,0,2,0.78,0.78
29.90334,80.19759,298.75,0.47,0.39,2024-04-09,2039,N20,VIIRS,n,2,285.46,1.15,N,0,2,0.76,0.76
29.48756,79.27767,299.88,0.44,0.38,2024-04-09,2039,N20,VIIRS,n,2,284.49,0.61,N,0,2,0.82,0.82
25.51618,76.73585,310.54,0.4,0.37,2024-04-09,2040,N20,VIIRS,n,2,287.75,1.29,N,0,2,0.73,0.73
17.92887,81.89257,306.33,0.63,0.54,2024-04-09,2042,N20,VIIRS,n,2,289.04,1.98,N,0,2,0.83,0.83
18.19373,81.06256,304.95,0.55,0.51,2024-04-09,2042,N20,VIIRS,n,2,287.82,1.95,N,0,2,0.81,0.81
18.3027,81.35369,308.22,0.57,0.52,2024-04-09,2042,N20,VIIRS,n,2,290.57,1.83,N,0,2,0.77,0.77
18.6506,80.81638,306.55,0.52,0.5,2024-04-09,2042,N20,VIIRS,n,2,292.19,3.79,N,0,2,0.72,0.72
29.96196,78.3948,301.32,0.43,0.38,2024-04-10,2020,N20,VIIRS,n,2,284.77,0.94,N,0,2,0.72,0.72
29.74112,79.55788,303.73,0.4,0.37,2024-04-10,2020,N20,VIIRS,n,2,285.31,0.93,N,0,2,0.82,0.82
29.44245,80.18073,302.91,0.39,0.36,2024-04-10,2020,N20,VIIRS,n,2,288.87,1.1,N,0,2,0.73,0.73
30.52834,78.73431,295.13,0.43,0.38,2024-04-10,2020,N20,VIIRS,n,2,283.05,0.72,N,0,2,0.71,0.71
30.52605,78.72514,297.37,0.43,0.38,2024-04-10,2020,N20,VIIRS,n,2,282.8,1.02,N,0,2,0.76,0.76
23.24319,92.47025,303.61,0.58,0.69,2024-04-10,2021,N20,VIIRS,n,2,290.11,2.96,N,0,2,0.76,0.76
27.28379,82.72678,300.59,0.42,0.37,2024-04-10,2021,N20,VIIRS,n,2,287.61,3.27,N,0,2,0.81,0.81
19.27959,80.49991,308.26,0.41,0.37,2024-04-10,2023,N20,VIIRS,n,2,289.64,2.3,N,0,2,0.72,0.72
17.68961,82.23112,304.65,0.51,0.41,2024-04-10,2023,N20,VIIRS,n,2,291.42,1.49,N,0,2,0.75,0.75
11.4157,77.33748,323.03,0.39,0.36,2024-04-10,2025,N20,VIIRS,n,2,293.3,1.96,N,0,2,0.74,0.74
29.68901,79.37852,301.46,0.43,0.46,2024-04-11,2001,N20,VIIRS,n,2,285.34,1.35,N,0,2,0.76,0.76
27.46491,84.04391,303.16,0.39,0.36,2024-04-11,2002,N20,VIIRS,n,2,292.6,1.22,N,0,2,0.79,0.79
18.70018,81.18056,310.91,0.41,0.37,2024-04-11,2004,N20,VIIRS,n,2,289.73,1.71,N,0,2,0.85,0.85
17.47415,81.71758,309.0,0.39,0.36,2024-04-11,2005,N20,VIIRS,n,2,292.26,1.81,N,0,2,0.75,0.75
17.53665,81.45473,313.45,0.4,0.37,2024-04-11,2005,N20,VIIRS,n,2,290.22,2.16,N,0,2,0.73,0.73
27.3163,83.34947,306.98,0.45,0.47,2024-04-12,1943,N20,VIIRS,n,2,291.7,1.96,N,0,2,0.76,0.76
13.27844,78.88817,304.91,0.57,0.52,2024-04-12,1947,N20,VIIRS,n,2,284.66,1.61,N,0,2,0.87,0.87
27.30524,82.64918,310.27,0.49,0.65,2024-04-13,1924,N20,VIIRS,n,2,286.31,3.35,N,0,2,0.85,0.85
27.3026,82.65131,308.66,0.48,0.65,2024-04-13,1924,N20,VIIRS,n,2,286.02,3.18,N,0,2,0.85,0.85
27.27675,82.75771,308.56,0.48,0.64,2024-04-13,1924,N20,VIIRS,n,2,286.12,3.09,N,0,2,0.88,0.88
23.25936,92.65961,311.08,0.39,0.36,2024-04-13,1925,N20,VIIRS,n,2,291.05,2.18,N,0,2,0.71,0.71
25.5654,94.52328,298.47,0.38,0.36,2024-04-13,1925,N20,VIIRS,n,2,288.07,0.71,N,0,2,0.77,0.77
27.27291,83.36182,307.0,0.62,0.71,2024-04-13,2105,N20,VIIRS,n,2,288.55,4.06,N,0,2,0.73,0.73
27.42046,83.06001,304.18,0.59,0.7,2024-04-13,2105,N20,VIIRS,n,2,288.56,1.59,N,0,2,0.85,0.85
25.13119,83.97037,301.51,0.76,0.77,2024-04-14,1906,N20,VIIRS,n,2,288.74,2.02,N,0,2,0.73,0.73
25.02228,83.87111,305.67,0.76,0.77,2024-04-14,1906,N20,VIIRS,n,2,289.13,2.27,N,0,2,0.82,0.82
25.14545,83.97147,306.53,0.76,0.77,2024-04-14,1906,N20,VIIRS,n,2,288.5,3.37,N,0,2,0.77,0.77
22.21663,84.87125,303.06,0.62,0.72,2024-04-14,1907,N20,VIIRS,n,2,288.85,3.12,N,0,2,0.85,0.85
23.84073,84.94826,301.29,0.64,0.72,2024-04-14,1907,N20,VIIRS,n,2,289.58,2.23,N,0,2,0.78,0.78
27.19258,82.59084,302.15,0.58,0.52,2024-04-14,2046,N20,VIIRS,n,2,291.31,1.14,N,0,2,0.71,0.71
19.43425,80.82276,304.68,0.32,0.55,2024-04-14,2048,N20,VIIRS,n,2,291.56,1.61,N,0,2,0.83,0.83
27.36206,84.37001,312.29,0.39,0.44,2024-04-15,2027,N20,VIIRS,n,2,291.25,1.87,N,0,2,0.74,0.74
27.11389,82.90296,303.94,0.49,0.41,2024-04-15,2027,N20,VIIRS,n,2,275.33,1.4,N,0,2,0.8,0.8
26.9757,83.56064,301.71,0.53,0.42,2024-04-15,2027,N20,VIIRS,n,2,286.12,0.79,N,0,2,0.75,0.75
19.15402,80.96278,306.54,0.51,0.41,2024-04-15,2030,N20,VIIRS,n,2,291.98,1.87,N,0,2,0.77,0.77
18.45139,79.68586,304.05,0.45,0.39,2024-04-15,2030,N20,VIIRS,n,2,286.31,1.29,N,0,2,0.75,0.75
18.6995,81.18728,310.35,0.54,0.42,2024-04-15,2030,N20,VIIRS,n,2,288.12,2.47,N,0,2,0.73,0.73
22.27231,92.93546,309.44,0.77,0.77,2024-04-16,1829,N20,VIIRS,n,2,286.98,4.03,N,0,2,0.78,0.78
27.07578,83.53732,308.15,0.38,0.36,2024-04-16,2009,N20,VIIRS,n,2,292.49,1.93,N,0,2,0.71,0.71
25.16954,84.10378,304.99,0.39,0.36,2024-04-16,2009,N20,VIIRS,n,2,294.35,0.77,N,0,2,0.71,0.71
22.29136,92.89308,308.66,0.42,0.61,2024-04-16,2010,N20,VIIRS,n,2,285.14,2.46,N,0,2,0.73,0.73
26.94686,82.88594,302.81,0.57,0.43,2024-04-17,1950,N20,VIIRS,n,2,292.21,1.57,N,0,2,0.78,0.78
25.1102,83.84979,304.39,0.48,0.4,2024-04-17,1951,N20,VIIRS,n,2,290.16,1.1,N,0,2,0.71,0.71
23.82461,84.93969,309.65,0.42,0.38,2024-04-17,1951,N20,VIIRS,n,2,291.3,0.75,N,0,2,0.71,0.71
23.73545,86.43527,314.49,0.39,0.36,2024-04-17,1951,N20,VIIRS,n,2,302.79,3.22,N,0,2,0.9,0.9
20.7128,73.09015,318.5,0.66,0.73,2024-04-17,1952,N20,VIIRS,n,2,290.75,3.13,N,0,2,0.73,0.73
18.56129,80.99041,307.66,0.57,0.43,2024-04-17,1952,N20,VIIRS,n,2,293.06,2.16,N,0,2,0.79,0.79
16.33268,78.84073,303.22,0.49,0.48,2024-04-17,1953,N20,VIIRS,n,2,268.65,1.4,N,0,2,0.8,0.8
17.43362,81.46602,303.99,0.52,0.42,2024-04-17,1953,N20,VIIRS,n,2,288.06,0.99,N,0,2,0.76,0.76
25.78231,76.64434,303.77,0.65,0.73,2024-04-17,2131,N20,VIIRS,n,2,287.42,1.13,N,0,2,0.71,0.71
25.20816,84.08488,305.57,0.58,0.52,2024-04-18,1932,N20,VIIRS,n,2,294.58,2.71,N,0,2,0.72,0.72
24.50163,77.4992,301.79,0.75,0.77,2024-04-18,1932,N20,VIIRS,n,2,290.73,2.56,N,0,2,0.91,0.91
24.49453,77.4987,305.44,0.75,0.77,2024-04-18,1932,N20,VIIRS,n,2,291.31,1.32,N,0,2,0.71,0.71
21.84176,85.50036,314.19,0.43,0.46,2024-04-18,1933,N20,VIIRS,n,2,296.56,2.42,N,0,2,0.81,0.81
22.34429,79.60177,304.99,0.53,0.67,2024-04-18,1933,N20,VIIRS,n,2,290.97,1.44,N,0,2,0.74,0.74
19.7786,83.35376,312.08,0.56,0.51,2024-04-18,1933,N20,VIIRS,n,2,297.52,2.21,N,0,2,0.77,0.77
18.5383,81.07043,306.16,0.38,0.59,2024-04-18,1934,N20,VIIRS,n,2,283.56,1.12,N,0,2,0.72,0.72
13.72628,79.40894,307.11,0.43,0.62,2024-04-18,1935,N20,VIIRS,n,2,289.78,2.81,N,0,2,0.81,0.81
27.19669,83.04083,306.37,0.75,0.77,2024-04-18,2111,N20,VIIRS,n,2,291.15,2.77,N,0,2,0.79,0.79
26.88583,82.91987,305.99,0.75,0.77,2024-04-18,2112,N20,VIIRS,n,2,290.64,2.17,N,0,2,0.72,0.72
23.41339,77.93291,308.77,0.45,0.63,2024-04-18,2113,N20,VIIRS,n,2,292.9,1.85,N,0,2,0.9,0.9
25.07061,83.78404,315.45,0.61,0.71,2024-04-19,1913,N20,VIIRS,n,2,295.36,2.73,N,0,2,0.72,0.72
20.01805,83.60448,309.72,0.55,0.68,2024-04-19,1914,N20,VIIRS,n,2,290.05,2.37,N,0,2,0.8,0.8
29.85267,80.36864,300.68,0.48,0.48,2024-04-19,2052,N20,VIIRS,n,2,289.67,1.78,N,0,2,0.74,0.74
25.12342,84.15226,304.38,0.51,0.66,2024-04-19,2053,N20,VIIRS,n,2,294.31,1.79,N,0,2,0.77,0.77
23.20819,84.25963,303.15,0.57,0.69,2024-04-19,2054,N20,VIIRS,n,2,292.54,2.21,N,0,2,0.74,0.74
23.67449,86.92648,304.2,0.74,0.76,2024-04-20,1854,N20,VIIRS,n,2,290.23,4.25,N,0,2,0.73,0.73
26.89244,82.98444,309.46,0.41,0.45,2024-04-20,2034,N20,VIIRS,n,2,293.04,1.62,N,0,2,0.71,0.71
29.8648,80.32844,299.39,0.42,0.38,2024-04-20,2034,N20,VIIRS,n,2,284.75,1.0,N,0,2,0.77,0.77
29.8632,80.31754,300.36,0.42,0.38,2024-04-20,2034,N20,VIIRS,n,2,284.36,1.55,N,0,2,0.76,0.76
29.94704,79.34155,306.64,0.4,0.37,2024-04-20,2034,N20,VIIRS,n,2,284.4,1.32,N,0,2,0.715,0.715
29.55983,80.01534,305.53,0.42,0.37,2024-04-20,2034,N20,VIIRS,n,2,285.8,1.67,N,0,2,0.87,0.87
25.16461,84.09896,321.46,0.52,0.5,2024-04-20,2035,N20,VIIRS,n,2,291.37,2.81,N,0,2,0.76,0.76
25.1612,84.09283,317.17,0.52,0.5,2024-04-20,2035,N20,VIIRS,n,2,291.13,2.51,N,0,2,0.73,0.73
23.10967,77.70396,307.3,0.4,0.37,2024-04-20,2036,N20,VIIRS,n,2,289.39,1.29,N,0,2,0.78,0.78
13.52416,78.63339,307.11,0.57,0.43,2024-04-20,2038,N20,VIIRS,n,2,290.51,1.73,N,0,2,0.8,0.8
30.00743,79.4453,306.1,0.44,0.39,2024-04-21,2015,N20,VIIRS,n,2,286.12,1.33,N,0,2,0.73,0.73
29.38973,79.56625,300.69,0.43,0.38,2024-04-21,2015,N20,VIIRS,n,2,288.6,1.44,N,0,2,0.73,0.73
29.61835,79.89579,300.0,0.42,0.38,2024-04-21,2015,N20,VIIRS,n,2,286.21,0.86,N,0,2,0.75,0.75
24.53721,83.48633,306.4,0.42,0.38,2024-04-21,2016,N20,VIIRS,n,2,283.31,1.49,N,0,2,0.88,0.88
23.48731,84.46084,305.84,0.47,0.4,2024-04-21,2016,N20,VIIRS,n,2,286.21,1.49,N,0,2,0.85,0.85
23.31921,84.17617,303.88,0.46,0.39,2024-04-21,2016,N20,VIIRS,n,2,283.92,1.55,N,0,2,0.88,0.88
22.31417,85.48998,306.36,0.55,0.43,2024-04-21,2017,N20,VIIRS,n,2,286.65,1.95,N,0,2,0.73,0.73
23.39994,78.06087,310.64,0.44,0.38,2024-04-21,2017,N20,VIIRS,n,2,287.04,1.98,N,0,2,0.73,0.73
22.88899,83.90856,308.88,0.45,0.39,2024-04-21,2017,N20,VIIRS,n,2,285.34,2.05,N,0,2,0.73,0.73
18.57495,81.01176,310.32,0.4,0.37,2024-04-21,2018,N20,VIIRS,n,2,293.64,2.59,N,0,2,0.72,0.72
29.74771,79.73265,301.84,0.49,0.49,2024-04-22,1956,N20,VIIRS,n,2,288.26,1.21,N,0,2,0.76,0.76
29.71882,80.03316,303.1,0.47,0.48,2024-04-22,1956,N20,VIIRS,n,2,285.15,1.6,N,0,2,0.85,0.85
29.71939,80.028,306.72,0.47,0.48,2024-04-22,1956,N20,VIIRS,n,2,284.55,1.27,N,0,2,0.84,0.84
29.70844,79.3111,317.57,0.52,0.5,2024-04-22,1956,N20,VIIRS,n,2,287.96,2.46,N,0,2,0.78,0.78
29.5713,79.95004,300.38,0.48,0.48,2024-04-22,1956,N20,VIIRS,n,2,288.26,0.82,N,0,2,0.79,0.79
29.5826,79.41644,298.6,0.51,0.5,2024-04-22,1956,N20,VIIRS,n,2,285.78,0.75,N,0,2,0.77,0.77
29.46597,79.32419,305.61,0.52,0.5,2024-04-22,1956,N20,VIIRS,n,2,289.07,1.82,N,0,2,0.75,0.75
29.33468,79.8209,310.32,0.48,0.48,2024-04-22,1956,N20,VIIRS,n,2,288.7,1.45,N,0,2,0.74,0.74
29.97777,79.35777,297.98,0.52,0.5,2024-04-22,1956,N20,VIIRS,n,2,285.62,1.09,N,0,2,0.91,0.91
29.80394,80.0282,299.41,0.47,0.48,2024-04-22,1956,N20,VIIRS,n,2,287.65,1.03,N,0,2,0.76,0.76
29.79059,79.47272,318.3,0.51,0.5,2024-04-22,1956,N20,VIIRS,n,2,288.0,3.06,N,0,2,0.82,0.82
26.83879,82.89455,305.24,0.46,0.39,2024-04-22,1957,N20,VIIRS,n,2,291.94,2.43,N,0,2,0.74,0.74
22.81497,85.55451,296.98,0.38,0.36,2024-04-22,1958,N20,VIIRS,n,2,268.02,0.65,N,0,2,0.8,0.8
23.16804,77.5775,306.01,0.56,0.51,2024-04-22,1958,N20,VIIRS,n,2,290.52,1.69,N,0,2,0.8,0.8
17.91738,81.90426,298.73,0.42,0.38,2024-04-22,1959,N20,VIIRS,n,2,284.38,1.15,N,0,2,0.71,0.71
19.82056,84.94019,307.06,0.38,0.36,2024-04-22,1959,N20,VIIRS,n,2,291.75,1.83,N,0,2,0.86,0.86
18.10508,82.00804,305.97,0.42,0.38,2024-04-22,1959,N20,VIIRS,n,2,289.64,1.28,N,0,2,0.76,0.76
20.05464,85.28474,310.1,0.39,0.36,2024-04-22,1959,N20,VIIRS,n,2,288.96,1.73,N,0,2,0.76,0.76
14.7905,79.11433,306.03,0.53,0.42,2024-04-22,2000,N20,VIIRS,n,2,286.49,1.42,N,0,2,0.88,0.88
19.71693,73.93768,302.65,0.78,0.78,2024-04-22,2139,N20,VIIRS,n,2,287.57,1.98,N,0,2,0.8,0.8
29.12817,79.9897,301.67,0.46,0.63,2024-04-23,1937,N20,VIIRS,n,2,290.71,2.78,N,0,2,0.84,0.84
26.52582,83.52186,311.6,0.52,0.5,2024-04-23,1938,N20,VIIRS,n,2,293.3,2.14,N,0,2,0.74,0.74
27.43405,83.95819,315.91,0.5,0.49,2024-04-23,1938,N20,VIIRS,n,2,294.7,2.67,N,0,2,0.78,0.78
25.75159,76.55966,320.01,0.69,0.74,2024-04-23,1938,N20,VIIRS,n,2,290.78,4.77,N,0,2,0.84,0.84
25.27617,83.72627,310.84,0.48,0.48,2024-04-23,1938,N20,VIIRS,n,2,292.13,1.93,N,0,2,0.76,0.76
23.70838,77.82601,300.6,0.55,0.68,2024-04-23,1939,N20,VIIRS,n,2,289.22,2.36,N,0,2,0.71,0.71
23.53334,77.66277,298.16,0.56,0.69,2024-04-23,1939,N20,VIIRS,n,2,287.12,0.98,N,0,2,0.75,0.75
23.37596,77.98077,307.96,0.53,0.67,2024-04-23,1939,N20,VIIRS,n,2,289.93,2.69,N,0,2,0.75,0.75
23.1686,77.94514,303.16,0.53,0.67,2024-04-23,1939,N20,VIIRS,n,2,289.7,2.45,N,0,2,0.79,0.79
23.22319,75.81334,300.34,0.73,0.76,2024-04-23,1939,N20,VIIRS,n,2,288.98,1.04,N,0,2,0.76,0.76
11.62561,77.06496,312.53,0.45,0.63,2024-04-23,1942,N20,VIIRS,n,2,291.75,1.92,N,0,2,0.85,0.85
29.90461,78.66101,303.22,0.45,0.63,2024-04-23,2118,N20,VIIRS,n,2,286.67,1.76,N,0,2,0.82,0.82
30.19906,78.59702,310.23,0.44,0.62,2024-04-23,2118,N20,VIIRS,n,2,285.65,3.28,N,0,2,0.81,0.81
29.22779,79.78578,301.23,0.54,0.68,2024-04-23,2118,N20,VIIRS,n,2,287.26,1.32,N,0,2,0.75,0.75
30.26593,75.1721,301.61,0.55,0.51,2024-04-23,2118,N20,VIIRS,n,2,289.5,1.89,N,0,2,0.89,0.89
29.13607,79.98676,318.91,0.56,0.69,2024-04-23,2118,N20,VIIRS,n,2,290.86,3.25,N,0,2,0.82,0.82
29.231,79.7261,301.83,0.54,0.68,2024-04-23,2118,N20,VIIRS,n,2,288.28,1.42,N,0,2,0.73,0.73
27.87516,81.97536,301.75,0.78,0.78,2024-04-23,2118,N20,VIIRS,n,2,289.61,1.94,N,0,2,0.78,0.78
29.72704,79.13902,297.38,0.48,0.65,2024-04-23,2118,N20,VIIRS,n,2,285.75,0.76,N,0,2,0.74,0.74
25.35613,76.38371,298.91,0.42,0.61,2024-04-23,2119,N20,VIIRS,n,2,288.57,1.34,N,0,2,0.77,0.77
17.93996,73.28149,313.45,0.38,0.58,2024-04-23,2121,N20,VIIRS,n,2,290.48,2.56,N,0,2,0.76,0.76
25.21687,81.75648,307.3,0.64,0.72,2024-04-24,1919,N20,VIIRS,n,2,289.49,2.68,N,0,2,0.71,0.71
26.22401,83.74977,309.69,0.49,0.65,2024-04-24,1919,N20,VIIRS,n,2,291.11,1.95,N,0,2,0.72,0.72
29.38182,79.9845,296.61,0.58,0.52,2024-04-24,2059,N20,VIIRS,n,2,286.02,1.34,N,0,2,0.82,0.82
29.25581,79.72593,305.2,0.56,0.52,2024-04-24,2059,N20,VIIRS,n,2,287.12,1.73,N,0,2,0.72,0.72
29.21262,79.66682,312.51,0.56,0.51,2024-04-24,2059,N20,VIIRS,n,2,292.36,3.13,N,0,2,0.77,0.77
25.00314,76.34523,312.3,0.43,0.46,2024-04-24,2100,N20,VIIRS,n,2,291.18,1.48,N,0,2,0.71,0.71
24.33561,77.9131,305.61,0.55,0.51,2024-04-24,2100,N20,VIIRS,n,2,289.96,1.26,N,0,2,0.72,0.72
23.68538,77.762,309.03,0.56,0.51,2024-04-24,2101,N20,VIIRS,n,2,291.43,2.61,N,0,2,0.83,0.83
17.6263,82.60432,303.68,0.76,0.77,2024-04-24,2102,N20,VIIRS,n,2,289.22,1.52,N,0,2,0.8,0.8
10.23232,77.28146,304.91,0.47,0.64,2024-04-24,2104,N20,VIIRS,n,2,282.67,1.1,N,0,2,0.75,0.75
29.60555,79.54567,303.77,0.46,0.39,2024-04-25,2040,N20,VIIRS,n,2,288.42,1.96,N,0,2,0.78,0.78
29.41411,79.96706,310.91,0.48,0.4,2024-04-25,2040,N20,VIIRS,n,2,289.85,1.46,N,0,2,0.73,0.73
29.28719,79.93781,310.72,0.48,0.4,2024-04-25,2040,N20,VIIRS,n,2,290.54,2.24,N,0,2,0.83,0.83
27.32978,83.03851,316.9,0.51,0.49,2024-04-25,2040,N20,VIIRS,n,2,293.05,2.1,N,0,2,0.72,0.72
25.51071,76.59145,308.44,0.4,0.37,2024-04-25,2041,N20,VIIRS,n,2,292.04,1.83,N,0,2,0.75,0.75
23.33209,78.03561,308.54,0.47,0.4,2024-04-25,2042,N20,VIIRS,n,2,291.23,1.34,N,0,2,0.75,0.75
23.87493,78.57632,318.56,0.49,0.4,2024-04-25,2042,N20,VIIRS,n,2,291.18,1.94,N,0,2,0.93,0.93
14.35738,79.36372,320.45,0.52,0.5,2024-04-25,2044,N20,VIIRS,n,2,299.13,5.88,N,0,2,0.76,0.76
10.33475,77.16474,309.01,0.44,0.46,2024-04-25,2045,N20,VIIRS,n,2,288.94,1.61,N,0,2,0.77,0.77
30.59316,78.30722,317.86,0.43,0.38,2024-04-26,2021,N20,VIIRS,n,2,285.47,3.86,N,0,2,0.87,0.87
27.42913,83.65305,306.04,0.46,0.39,2024-04-26,2022,N20,VIIRS,n,2,286.17,1.12,N,0,2,0.72,0.72
28.259,81.18536,306.09,0.39,0.36,2024-04-26,2022,N20,VIIRS,n,2,285.63,0.86,N,0,2,0.71,0.71
10.24198,77.37051,319.62,0.4,0.37,2024-04-26,2027,N20,VIIRS,n,2,287.73,4.41,N,0,2,0.75,0.75
30.16832,78.58144,316.05,0.47,0.48,2024-04-27,2002,N20,VIIRS,n,2,287.21,1.98,N,0,2,0.78,0.78
29.47289,80.12813,301.7,0.57,0.43,2024-04-27,2002,N20,VIIRS,n,2,288.46,1.55,N,0,2,0.79,0.79
29.40138,79.8282,299.77,0.39,0.44,2024-04-27,2002,N20,VIIRS,n,2,284.8,1.38,N,0,2,0.76,0.76
29.34957,79.69698,312.74,0.4,0.44,2024-04-27,2002,N20,VIIRS,n,2,286.89,1.46,N,0,2,0.73,0.73
29.82041,79.69582,315.59,0.4,0.44,2024-04-27,2002,N20,VIIRS,n,2,287.49,2.09,N,0,2,0.8,0.8
26.985,82.79427,306.12,0.41,0.37,2024-04-27,2003,N20,VIIRS,n,2,286.14,1.15,N,0,2,0.82,0.82
26.6004,83.61082,319.48,0.39,0.36,2024-04-27,2003,N20,VIIRS,n,2,288.11,2.6,N,0,2,0.86,0.86
26.4039,83.94678,307.55,0.39,0.36,2024-04-27,2003,N20,VIIRS,n,2,291.0,1.65,N,0,2,0.75,0.75
25.46109,84.00304,306.13,0.39,0.36,2024-04-27,2003,N20,VIIRS,n,2,284.54,1.74,N,0,2,0.9,0.9
25.99092,78.10573,302.82,0.45,0.47,2024-04-27,2003,N20,VIIRS,n,2,291.4,1.39,N,0,2,0.71,0.71
25.3376,76.41531,304.78,0.56,0.51,2024-04-27,2004,N20,VIIRS,n,2,290.41,1.43,N,0,2,0.81,0.81
23.48804,84.61095,309.19,0.39,0.36,2024-04-27,2004,N20,VIIRS,n,2,292.57,1.99,N,0,2,0.72,0.72
22.3356,82.57564,311.07,0.39,0.36,2024-04-27,2004,N20,VIIRS,n,2,285.88,1.39,N,0,2,0.8,0.8
20.83157,84.88303,311.45,0.4,0.37,2024-04-27,2005,N20,VIIRS,n,2,299.76,1.53,N,0,2,0.78,0.78
20.76207,84.87466,312.56,0.4,0.37,2024-04-27,2005,N20,VIIRS,n,2,298.81,1.59,N,0,2,0.81,0.81
25.10561,73.48283,314.34,0.68,0.74,2024-04-27,2144,N20,VIIRS,n,2,283.44,3.99,N,0,2,0.77,0.77
29.27966,80.08964,305.71,0.36,0.58,2024-04-28,1943,N20,VIIRS,n,2,288.27,1.43,N,0,2,0.75,0.75
29.82033,78.60155,298.76,0.45,0.63,2024-04-28,1943,N20,VIIRS,n,2,284.64,0.75,N,0,2,0.73,0.73
29.80375,79.62774,296.64,0.39,0.59,2024-04-28,1943,N20,VIIRS,n,2,285.82,0.94,N,0,2,0.73,0.73
29.96706,80.30157,301.7,0.36,0.57,2024-04-28,1943,N20,VIIRS,n,2,287.3,0.89,N,0,2,0.84,0.84
29.97222,80.30357,302.95,0.36,0.57,2024-04-28,1943,N20,VIIRS,n,2,287.34,0.89,N,0,2,0.76,0.76
23.71371,87.2484,312.18,0.4,0.37,2024-04-28,1945,N20,VIIRS,n,2,301.6,2.14,N,0,2,0.8,0.8
9.85003,77.24884,300.49,0.32,0.55,2024-04-28,1949,N20,VIIRS,n,2,288.85,1.39,N,0,2,0.72,0.72
10.25172,77.37378,311.5,0.32,0.54,2024-04-28,1949,N20,VIIRS,n,2,287.58,1.81,N,0,2,0.88,0.88
10.2529,77.36608,302.46,0.32,0.54,2024-04-28,1949,N20,VIIRS,n,2,286.09,1.76,N,0,2,0.87,0.87
11.22262,76.58508,321.81,0.37,0.58,2024-04-28,1949,N20,VIIRS,n,2,286.68,4.2,N,0,2,0.79,0.79
29.86017,78.91733,316.38,0.57,0.69,2024-04-28,2124,N20,VIIRS,n,2,286.97,2.51,N,0,2,0.77,0.77
30.03932,78.88805,299.7,0.57,0.69,2024-04-28,2124,N20,VIIRS,n,2,285.37,1.56,N,0,2,0.8,0.8
29.95815,79.96874,299.93,0.66,0.73,2024-04-28,2124,N20,VIIRS,n,2,284.5,1.46,N,0,2,0.71,0.71
29.21755,79.97209,320.3,0.69,0.74,2024-04-28,2124,N20,VIIRS,n,2,287.81,2.33,N,0,2,0.71,0.71
24.26172,77.98766,305.71,0.69,0.74,2024-04-28,2125,N20,VIIRS,n,2,288.77,1.62,N,0,2,0.73,0.73
24.2563,77.99156,301.29,0.69,0.74,2024-04-28,2125,N20,VIIRS,n,2,288.33,2.13,N,0,2,0.74,0.74
25.52499,84.22932,311.65,0.36,0.57,2024-04-29,1925,N20,VIIRS,n,2,286.19,1.81,N,0,2,0.75,0.75
21.91616,86.57675,323.78,0.46,0.47,2024-04-29,1926,N20,VIIRS,n,2,300.68,1.96,N,0,2,0.83,0.83
25.71632,78.82966,302.26,0.79,0.78,2024-04-29,1926,N20,VIIRS,n,2,291.27,1.32,N,0,2,0.71,0.71
11.72035,76.54817,306.07,0.8,0.78,2024-04-29,1930,N20,VIIRS,n,2,282.31,1.47,N,0,2,0.71,0.71
11.9671,77.13858,306.49,0.73,0.76,2024-04-29,1930,N20,VIIRS,n,2,285.53,2.11,N,0,2,0.79,0.79
25.23162,84.11395,303.05,0.79,0.78,2024-04-29,2106,N20,VIIRS,n,2,288.62,2.75,N,0,2,0.81,0.81
25.31475,83.97154,309.99,0.77,0.77,2024-04-29,2106,N20,VIIRS,n,2,289.38,3.36,N,0,2,0.91,0.91
22.12931,72.76716,309.19,0.56,0.43,2024-04-29,2107,N20,VIIRS,n,2,294.18,1.26,N,0,2,0.75,0.75
25.61106,91.54527,300.29,0.5,0.49,2024-04-30,1906,N20,VIIRS,n,2,289.64,2.99,N,0,2,0.79,0.79
17.64929,83.21254,308.06,0.7,0.75,2024-04-30,1909,N20,VIIRS,n,2,289.92,1.78,N,0,2,0.76,0.76
30.314,78.74786,300.32,0.48,0.4,2024-04-30,2046,N20,VIIRS,n,2,286.92,1.45,N,0,2,0.78,0.78
29.9896,79.89046,296.29,0.55,0.43,2024-04-30,2046,N20,VIIRS,n,2,285.75,1.42,N,0,2,0.76,0.76
29.69011,80.02576,309.78,0.57,0.43,2024-04-30,2046,N20,VIIRS,n,2,288.42,2.25,N,0,2,0.8,0.8
29.74021,79.81189,302.41,0.55,0.43,2024-04-30,2046,N20,VIIRS,n,2,286.36,1.48,N,0,2,0.75,0.75
29.34649,79.93083,306.2,0.57,0.43,2024-04-30,2046,N20,VIIRS,n,2,287.88,2.39,N,0,2,0.72,0.72
25.90052,78.28622,298.83,0.53,0.42,2024-04-30,2047,N20,VIIRS,n,2,288.07,1.63,N,0,2,0.85,0.85
23.56608,77.80679,311.46,0.55,0.42,2024-04-30,2048,N20,VIIRS,n,2,290.97,1.79,N,0,2,0.75,0.75
24.67356,74.28183,314.55,0.39,0.36,2024-04-30,2048,N20,VIIRS,n,2,290.12,2.28,N,0,2,0.71,0.71
18.67607,79.55532,317.63,0.57,0.52,2024-04-30,2049,N20,VIIRS,n,2,296.55,3.52,N,0,2,0.83,0.83
11.18469,79.10072,306.83,0.36,0.58,2024-04-30,2051,N20,VIIRS,n,2,290.27,2.08,N,0,2,0.76,0.76
27.46325,95.47895,306.38,0.59,0.53,2024-05-01,1847,N20,VIIRS,n,2,286.86,2.02,N,0,2,0.71,0.71
29.77379,79.07487,305.31,0.38,0.36,2024-05-01,2027,N20,VIIRS,n,2,284.42,1.71,N,0,2,0.73,0.73
29.52271,79.57122,295.99,0.38,0.36,2024-05-01,2027,N20,VIIRS,n,2,283.58,0.87,N,0,2,0.8,0.8
29.58239,79.10558,301.52,0.38,0.36,2024-05-01,2027,N20,VIIRS,n,2,289.41,0.96,N,0,2,0.77,0.77
29.56055,79.20241,301.29,0.38,0.36,2024-05-01,2027,N20,VIIRS,n,2,288.01,1.04,N,0,2,0.74,0.74
29.53723,79.28666,306.58,0.38,0.36,2024-05-01,2027,N20,VIIRS,n,2,286.42,1.25,N,0,2,0.79,0.79
29.52521,79.27267,311.08,0.38,0.36,2024-05-01,2027,N20,VIIRS,n,2,287.55,1.19,N,0,2,0.88,0.88
29.30526,80.01101,299.34,0.39,0.36,2024-05-01,2027,N20,VIIRS,n,2,286.34,1.57,N,0,2,0.83,0.83
29.25586,79.97974,306.2,0.39,0.36,2024-05-01,2027,N20,VIIRS,n,2,285.41,2.25,N,0,2,0.72,0.72
29.97854,79.55225,301.85,0.38,0.36,2024-05-01,2027,N20,VIIRS,n,2,284.17,0.8,N,0,2,0.71,0.71
25.74181,77.97009,298.98,0.38,0.36,2024-05-01,2028,N20,VIIRS,n,2,287.56,0.73,N,0,2,0.8,0.8
25.98771,79.76257,312.67,0.4,0.37,2024-05-01,2028,N20,VIIRS,n,2,290.38,1.4,N,0,2,0.73,0.73
26.28686,87.0008,300.83,0.59,0.53,2024-05-01,2028,N20,VIIRS,n,2,289.65,1.66,N,0,2,0.71,0.71
20.026,82.93034,313.26,0.44,0.46,2024-05-01,2030,N20,VIIRS,n,2,297.82,2.08,N,0,2,0.77,0.77
18.99701,79.24161,316.54,0.44,0.38,2024-05-01,2030,N20,VIIRS,n,2,301.08,2.38,N,0,2,0.74,0.74
18.9905,79.34211,317.65,0.44,0.38,2024-05-01,2030,N20,VIIRS,n,2,300.65,2.42,N,0,2,0.74,0.74
19.11526,79.41968,311.92,0.44,0.38,2024-05-01,2030,N20,VIIRS,n,2,300.59,1.78,N,0,2,0.74,0.74
19.52479,79.42867,323.58,0.44,0.38,2024-05-01,2030,N20,VIIRS,n,2,299.85,2.43,N,0,2,0.73,0.73
16.74837,82.30602,302.56,0.46,0.47,2024-05-01,2031,N20,VIIRS,n,2,286.58,1.51,N,0,2,0.82,0.82
10.24474,77.3222,308.96,0.45,0.39,2024-05-01,2033,N20,VIIRS,n,2,283.15,1.27,N,0,2,0.71,0.71
10.27054,77.36465,302.46,0.45,0.39,2024-05-01,2033,N20,VIIRS,n,2,285.67,1.34,N,0,2,0.9,0.9
30.02735,79.64119,304.82,0.51,0.41,2024-05-02,2008,N20,VIIRS,n,2,286.37,2.14,N,0,2,0.82,0.82
29.84745,79.66254,305.2,0.5,0.41,2024-05-02,2008,N20,VIIRS,n,2,287.69,1.5,N,0,2,0.88,0.88
29.76818,79.55901,300.8,0.51,0.41,2024-05-02,2008,N20,VIIRS,n,2,286.66,0.86,N,0,2,0.73,0.73
29.61756,80.06614,297.86,0.48,0.4,2024-05-02,2008,N20,VIIRS,n,2,287.18,0.9,N,0,2,0.71,0.71
30.78612,78.33207,305.02,0.4,0.44,2024-05-02,2008,N20,VIIRS,n,2,286.39,1.49,N,0,2,0.73,0.73
30.72161,78.39469,311.53,0.4,0.44,2024-05-02,2008,N20,VIIRS,n,2,288.26,1.62,N,0,2,0.75,0.75
30.86155,76.9761,311.07,0.48,0.48,2024-05-02,2008,N20,VIIRS,n,2,289.94,1.69,N,0,2,0.72,0.72
30.5953,78.5292,303.63,0.39,0.44,2024-05-02,2008,N20,VIIRS,n,2,286.74,1.95,N,0,2,0.73,0.73
30.36906,78.80726,311.38,0.56,0.43,2024-05-02,2008,N20,VIIRS,n,2,287.4,2.71,N,0,2,0.94,0.94
29.42227,79.49064,299.47,0.51,0.41,2024-05-02,2009,N20,VIIRS,n,2,288.15,1.55,N,0,2,0.9,0.9
29.31912,79.98506,322.93,0.48,0.4,2024-05-02,2009,N20,VIIRS,n,2,290.03,2.54,N,0,2,0.71,0.71
29.27752,79.8454,302.71,0.49,0.4,2024-05-02,2009,N20,VIIRS,n,2,287.68,1.98,N,0,2,0.84,0.84
28.70032,79.72779,306.05,0.49,0.4,2024-05-02,2009,N20,VIIRS,n,2,290.03,1.9,N,0,2,0.79,0.79
28.77942,76.60635,300.8,0.48,0.48,2024-05-02,2009,N20,VIIRS,n,2,287.95,1.21,N,0,2,0.83,0.83
25.40924,84.46758,309.9,0.4,0.37,2024-05-02,2009,N20,VIIRS,n,2,291.08,1.38,N,0,2,0.73,0.73
25.35999,84.23198,313.83,0.4,0.37,2024-05-02,2009,N20,VIIRS,n,2,291.29,2.5,N,0,2,0.76,0.76
22.03582,83.8082,317.68,0.4,0.37,2024-05-02,2010,N20,VIIRS,n,2,301.45,2.59,N,0,2,0.8,0.8
21.6551,85.01012,312.74,0.45,0.39,2024-05-02,2010,N20,VIIRS,n,2,300.47,3.11,N,0,2,0.73,0.73
24.8964,85.93539,312.22,0.45,0.39,2024-05-02,2010,N20,VIIRS,n,2,298.54,1.83,N,0,2,0.8,0.8
25.68809,79.61713,302.66,0.46,0.39,2024-05-02,2010,N20,VIIRS,n,2,290.86,1.05,N,0,2,0.73,0.73
25.59514,78.95937,302.01,0.49,0.4,2024-05-02,2010,N20,VIIRS,n,2,286.07,0.79,N,0,2,0.79,0.79
23.73836,85.03759,309.7,0.43,0.38,2024-05-02,2010,N20,VIIRS,n,2,293.33,1.73,N,0,2,0.75,0.75
19.75014,83.13102,316.42,0.4,0.37,2024-05-02,2011,N20,VIIRS,n,2,299.42,2.73,N,0,2,0.84,0.84
18.99839,79.23532,311.23,0.41,0.37,2024-05-02,2011,N20,VIIRS,n,2,300.09,1.78,N,0,2,0.72,0.72
18.99119,79.33368,316.3,0.41,0.37,2024-05-02,2011,N20,VIIRS,n,2,302.02,3.6,N,0,2,0.94,0.94
19.33181,79.13316,315.31,0.42,0.38,2024-05-02,2011,N20,VIIRS,n,2,299.94,2.89,N,0,2,0.73,0.73
20.81832,84.94308,316.49,0.45,0.39,2024-05-02,2011,N20,VIIRS,n,2,301.26,3.35,N,0,2,0.74,0.74
21.39304,80.73785,323.12,0.39,0.36,2024-05-02,2011,N20,VIIRS,n,2,299.81,3.32,N,0,2,0.74,0.74
20.54541,84.5056,324.43,0.44,0.38,2024-05-02,2011,N20,VIIRS,n,2,301.27,2.92,N,0,2,0.79,0.79
14.12362,77.25895,317.86,0.45,0.39,2024-05-02,2013,N20,VIIRS,n,2,297.8,2.24,N,0,2,0.73,0.73
26.54493,83.23264,312.6,0.53,0.42,2024-05-03,1950,N20,VIIRS,n,2,287.27,1.82,N,0,2,0.73,0.73
26.60463,84.02725,302.86,0.49,0.4,2024-05-03,1950,N20,VIIRS,n,2,292.22,1.15,N,0,2,0.71,0.71
27.41247,82.87401,299.02,0.57,0.43,2024-05-03,1950,N20,VIIRS,n,2,285.61,0.73,N,0,2,0.76,0.76
22.86039,84.10976,299.47,0.44,0.39,2024-05-03,1951,N20,VIIRS,n,2,287.75,1.03,N,0,2,0.77,0.77
23.02286,83.95261,299.73,0.45,0.39,2024-05-03,1951,N20,VIIRS,n,2,286.46,1.11,N,0,2,0.73,0.73
23.64602,81.95663,300.21,0.38,0.43,2024-05-03,1951,N20,VIIRS,n,2,283.2,0.63,N,0,2,0.74,0.74
25.15119,84.37057,311.47,0.45,0.39,2024-05-03,1951,N20,VIIRS,n,2,289.27,2.83,N,0,2,0.83,0.83
22.03184,85.26727,309.08,0.4,0.37,2024-05-03,1951,N20,VIIRS,n,2,296.49,1.45,N,0,2,0.79,0.79
24.95538,80.4072,303.24,0.49,0.49,2024-05-03,1951,N20,VIIRS,n,2,283.62,1.46,N,0,2,0.77,0.77
20.64319,83.78427,313.47,0.44,0.38,2024-05-03,1952,N20,VIIRS,n,2,301.78,3.67,N,0,2,0.76,0.76
20.93761,82.92037,314.9,0.48,0.4,2024-05-03,1952,N20,VIIRS,n,2,301.32,3.93,N,0,2,0.83,0.83
20.79192,84.52892,318.05,0.41,0.37,2024-05-03,1952,N20,VIIRS,n,2,301.06,2.42,N,0,2,0.78,0.78
21.08651,84.69156,316.72,0.41,0.37,2024-05-03,1952,N20,VIIRS,n,2,299.54,2.66,N,0,2,0.78,0.78
22.33633,79.22866,300.35,0.54,0.51,2024-05-03,1952,N20,VIIRS,n,2,288.82,1.56,N,0,2,0.78,0.78
22.09991,84.5312,310.35,0.42,0.38,2024-05-03,1952,N20,VIIRS,n,2,293.72,2.34,N,0,2,0.71,0.71
30.40947,79.3703,301.5,0.64,0.72,2024-05-04,1930,N20,VIIRS,n,2,286.87,2.04,N,0,2,0.87,0.87
30.25621,79.20722,297.83,0.65,0.73,2024-05-04,1930,N20,VIIRS,n,2,287.2,1.43,N,0,2,0.88,0.88
30.09696,78.9305,307.57,0.68,0.74,2024-05-04,1931,N20,VIIRS,n,2,287.82,1.59,N,0,2,0.72,0.72
29.99073,79.4173,298.95,0.63,0.72,2024-05-04,1931,N20,VIIRS,n,2,286.82,2.13,N,0,2,0.74,0.74
29.99024,79.42729,307.34,0.63,0.72,2024-05-04,1931,N20,VIIRS,n,2,287.99,2.96,N,0,2,0.81,0.81
29.87405,79.53867,303.66,0.62,0.71,2024-05-04,1931,N20,VIIRS,n,2,287.34,1.39,N,0,2,0.71,0.71
29.71327,79.74605,309.3,0.6,0.71,2024-05-04,1931,N20,VIIRS,n,2,286.01,4.43,N,0,2,0.71,0.71
29.70233,80.06432,308.44,0.57,0.69,2024-05-04,1931,N20,VIIRS,n,2,288.69,2.13,N,0,2,0.78,0.78
29.66505,79.92262,305.81,0.58,0.7,2024-05-04,1931,N20,VIIRS,n,2,287.19,1.41,N,0,2,0.78,0.78
29.62959,79.97908,302.46,0.58,0.7,2024-05-04,1931,N20,VIIRS,n,2,289.87,1.97,N,0,2,0.89,0.89
29.59285,79.53588,309.07,0.62,0.71,2024-05-04,1931,N20,VIIRS,n,2,288.31,1.98,N,0,2,0.74,0.74
29.44571,79.36705,301.2,0.63,0.72,2024-05-04,1931,N20,VIIRS,n,2,289.52,2.26,N,0,2,0.81,0.81
29.43575,79.43444,304.26,0.62,0.72,2024-05-04,1931,N20,VIIRS,n,2,287.65,1.52,N,0,2,0.82,0.82
29.3024,79.48393,307.84,0.62,0.71,2024-05-04,1931,N20,VIIRS,n,2,292.36,2.4,N,0,2,0.8,0.8
23.07865,83.99057,300.76,0.55,0.51,2024-05-04,1932,N20,VIIRS,n,2,289.6,1.85,N,0,2,0.79,0.79
24.96578,83.82829,306.82,0.6,0.53,2024-05-04,1932,N20,VIIRS,n,2,292.5,1.24,N,0,2,0.76,0.76
20.78485,84.5671,316.61,0.48,0.48,2024-05-04,1933,N20,VIIRS,n,2,298.03,1.93,N,0,2,0.74,0.74
22.58862,82.79029,310.54,0.33,0.55,2024-05-04,1933,N20,VIIRS,n,2,292.14,2.43,N,0,2,0.83,0.83
29.56291,79.67546,306.13,0.42,0.61,2024-05-04,2111,N20,VIIRS,n,2,289.18,0.95,N,0,2,0.82,0.82
29.81775,79.5863,304.65,0.41,0.61,2024-05-04,2111,N20,VIIRS,n,2,288.6,1.42,N,0,2,0.72,0.72
30.00561,78.88353,299.95,0.37,0.58,2024-05-04,2111,N20,VIIRS,n,2,289.34,2.28,N,0,2,0.85,0.85
30.41766,79.39565,298.02,0.39,0.59,2024-05-04,2111,N20,VIIRS,n,2,286.6,1.51,N,0,2,0.89,0.89
30.58894,77.87814,300.32,0.63,0.54,2024-05-04,2111,N20,VIIRS,n,2,289.96,1.05,N,0,2,0.9,0.9
30.17734,79.38058,306.99,0.39,0.59,2024-05-04,2111,N20,VIIRS,n,2,286.95,1.03,N,0,2,0.85,0.85
30.18158,79.2252,299.04,0.38,0.59,2024-05-04,2111,N20,VIIRS,n,2,287.22,1.0,N,0,2,0.81,0.81
29.95183,79.91359,301.18,0.43,0.62,2024-05-04,2111,N20,VIIRS,n,2,287.84,1.16,N,0,2,0.79,0.79
29.4246,79.1302,308.36,0.39,0.6,2024-05-04,2111,N20,VIIRS,n,2,291.87,2.07,N,0,2,0.71,0.71
29.34963,79.77887,300.87,0.43,0.62,2024-05-04,2111,N20,VIIRS,n,2,290.41,1.66,N,0,2,0.94,0.94
29.47591,79.30054,300.34,0.4,0.6,2024-05-04,2111,N20,VIIRS,n,2,289.59,1.5,N,0,2,0.85,0.85
29.32633,79.98838,302.91,0.45,0.63,2024-05-04,2111,N20,VIIRS,n,2,289.77,2.5,N,0,2,0.76,0.76
29.4479,79.69423,307.66,0.43,0.62,2024-05-04,2111,N20,VIIRS,n,2,287.2,1.47,N,0,2,0.73,0.73
29.40492,79.9146,309.41,0.44,0.62,2024-05-04,2111,N20,VIIRS,n,2,291.1,1.43,N,0,2,0.77,0.77
28.64891,76.34786,308.03,0.56,0.51,2024-05-04,2112,N20,VIIRS,n,2,290.77,2.08,N,0,2,0.85,0.85
25.10301,83.61949,306.24,0.62,0.71,2024-05-05,1913,N20,VIIRS,n,2,291.95,1.84,N,0,2,0.79,0.79
30.40449,79.21931,298.39,0.4,0.44,2024-05-05,2052,N20,VIIRS,n,2,287.25,1.51,N,0,2,0.79,0.79
30.39002,79.24699,303.0,0.41,0.45,2024-05-05,2052,N20,VIIRS,n,2,287.77,0.89,N,0,2,0.78,0.78
30.33733,78.65244,308.52,0.57,0.43,2024-05-05,2052,N20,VIIRS,n,2,291.1,2.21,N,0,2,0.74,0.74
30.35827,78.23472,314.59,0.54,0.42,2024-05-05,2052,N20,VIIRS,n,2,289.19,3.65,N,0,2,0.74,0.74
30.3253,78.30112,304.0,0.54,0.42,2024-05-05,2052,N20,VIIRS,n,2,288.38,1.19,N,0,2,0.77,0.77
30.03981,79.65277,297.44,0.43,0.46,2024-05-05,2052,N20,VIIRS,n,2,287.06,0.97,N,0,2,0.9,0.9
29.99622,79.63194,305.25,0.43,0.46,2024-05-05,2052,N20,VIIRS,n,2,288.4,1.58,N,0,2,0.73,0.73
29.91211,79.46746,299.35,0.43,0.46,2024-05-05,2052,N20,VIIRS,n,2,288.42,1.22,N,0,2,0.72,0.72
29.77501,79.5696,298.77,0.43,0.46,2024-05-05,2052,N20,VIIRS,n,2,287.76,1.11,N,0,2,0.71,0.71
29.43394,79.43256,299.73,0.43,0.46,2024-05-05,2052,N20,VIIRS,n,2,288.41,1.72,N,0,2,0.75,0.75
21.54572,75.56931,302.55,0.54,0.42,2024-05-05,2055,N20,VIIRS,n,2,288.61,4.79,N,0,2,0.74,0.74
21.43219,72.97376,305.77,0.42,0.37,2024-05-05,2055,N20,VIIRS,n,2,288.9,1.3,N,0,2,0.71,0.71
18.13217,83.63565,312.02,0.68,0.74,2024-05-05,2055,N20,VIIRS,n,2,290.76,2.64,N,0,2,0.79,0.79
13.6019,77.9088,307.39,0.35,0.57,2024-05-05,2057,N20,VIIRS,n,2,289.09,1.2,N,0,2,0.89,0.89
29.6352,79.5299,297.54,0.4,0.37,2024-05-06,2033,N20,VIIRS,n,2,286.93,1.05,N,0,2,0.72,0.72
30.03698,78.74432,307.31,0.39,0.36,2024-05-06,2033,N20,VIIRS,n,2,288.07,1.0,N,0,2,0.74,0.74
30.24513,78.40627,311.01,0.39,0.36,2024-05-06,2033,N20,VIIRS,n,2,290.19,1.83,N,0,2,0.8,0.8
26.04189,79.4034,301.42,0.43,0.38,2024-05-06,2034,N20,VIIRS,n,2,289.75,0.96,N,0,2,0.87,0.87
26.48526,84.5334,314.62,0.52,0.5,2024-05-06,2034,N20,VIIRS,n,2,290.25,2.06,N,0,2,0.77,0.77
29.34015,79.62287,308.41,0.41,0.37,2024-05-06,2034,N20,VIIRS,n,2,290.52,2.12,N,0,2,0.77,0.77
24.96506,80.96181,316.15,0.52,0.41,2024-05-06,2035,N20,VIIRS,n,2,297.71,4.03,N,0,2,0.73,0.73
20.83014,84.47858,311.79,0.33,0.55,2024-05-06,2036,N20,VIIRS,n,2,288.01,2.47,N,0,2,0.85,0.85
20.83068,84.47604,311.8,0.33,0.55,2024-05-06,2036,N20,VIIRS,n,2,288.63,2.47,N,0,2,0.76,0.76
30.23414,79.1544,306.87,0.46,0.39,2024-05-07,2014,N20,VIIRS,n,2,286.14,1.03,N,0,2,0.79,0.79
30.42754,78.28066,306.41,0.5,0.41,2024-05-07,2014,N20,VIIRS,n,2,286.53,1.85,N,0,2,0.75,0.75
29.48247,79.39545,309.13,0.44,0.38,2024-05-07,2015,N20,VIIRS,n,2,287.37,1.69,N,0,2,0.76,0.76
29.39371,79.76468,297.38,0.43,0.38,2024-05-07,2015,N20,VIIRS,n,2,287.08,0.41,N,0,2,0.78,0.78
30.11227,79.02074,300.99,0.46,0.39,2024-05-07,2015,N20,VIIRS,n,2,287.67,0.89,N,0,2,0.76,0.76
30.07682,78.72021,300.68,0.47,0.4,2024-05-07,2015,N20,VIIRS,n,2,287.32,1.43,N,0,2,0.86,0.86
25.70181,78.15557,311.38,0.45,0.39,2024-05-07,2016,N20,VIIRS,n,2,289.02,3.83,N,0,2,0.73,0.73
24.15934,82.60007,303.48,0.4,0.37,2024-05-07,2016,N20,VIIRS,n,2,284.73,1.81,N,0,2,0.78,0.78
23.16523,82.33801,313.08,0.45,0.39,2024-05-08,1957,N20,VIIRS,n,2,290.38,2.39,N,0,2,0.74,0.74
13.04724,75.05322,299.64,0.64,0.72,2024-05-09,1942,N20,VIIRS,n,2,286.77,2.06,N,0,2,0.76,0.76
25.21407,76.12106,305.7,0.4,0.6,2024-05-09,2119,N20,VIIRS,n,2,290.41,1.79,N,0,2,0.73,0.73
27.7679,82.06087,309.58,0.41,0.61,2024-05-10,2059,N20,VIIRS,n,2,289.4,0.9,N,0,2,0.78,0.78
14.27016,80.12777,306.67,0.61,0.71,2024-05-10,2103,N20,VIIRS,n,2,290.67,2.76,N,0,2,0.78,0.78
31.32818,77.0089,319.48,0.5,0.41,2024-05-12,2020,N20,VIIRS,n,2,291.09,3.72,N,0,2,0.72,0.72
26.77725,78.80956,303.85,0.4,0.37,2024-05-12,2022,N20,VIIRS,n,2,288.16,1.92,N,0,2,0.78,0.78
31.97732,76.24741,301.94,0.66,0.73,2024-05-14,1942,N20,VIIRS,n,2,290.41,3.01,N,0,2,0.8,0.8
31.70956,76.00175,303.61,0.67,0.74,2024-05-14,1942,N20,VIIRS,n,2,290.4,2.07,N,0,2,0.78,0.78
30.978,77.30633,311.26,0.56,0.69,2024-05-14,1943,N20,VIIRS,n,2,287.78,1.83,N,0,2,0.86,0.86
30.98436,77.30671,306.85,0.56,0.69,2024-05-14,1943,N20,VIIRS,n,2,287.01,1.83,N,0,2,0.74,0.74
31.32871,76.80608,304.24,0.6,0.71,2024-05-14,1943,N20,VIIRS,n,2,290.32,2.9,N,0,2,0.89,0.89
31.44942,77.00533,298.95,0.59,0.7,2024-05-14,1943,N20,VIIRS,n,2,286.37,1.22,N,0,2,0.71,0.71
20.74055,73.56756,308.17,0.77,0.77,2024-05-14,1946,N20,VIIRS,n,2,288.05,5.51,N,0,2,0.86,0.86
31.02891,76.86219,315.12,0.41,0.6,2024-05-14,2123,N20,VIIRS,n,2,291.71,2.52,N,0,2,0.78,0.78
25.26694,84.39848,319.6,0.35,0.57,2024-05-15,1925,N20,VIIRS,n,2,287.78,3.56,N,0,2,0.71,0.71
23.49094,87.36975,308.41,0.44,0.46,2024-05-15,1926,N20,VIIRS,n,2,293.63,2.89,N,0,2,0.71,0.71
24.63293,80.69488,304.28,0.5,0.66,2024-05-15,2106,N20,VIIRS,n,2,288.37,3.49,N,0,2,0.78,0.78
24.87512,83.86083,302.26,0.75,0.77,2024-05-16,1906,N20,VIIRS,n,2,289.02,1.95,N,0,2,0.85,0.85
29.88069,78.93662,308.66,0.49,0.41,2024-05-16,2046,N20,VIIRS,n,2,290.1,1.54,N,0,2,0.71,0.71
29.30857,79.91622,301.59,0.56,0.43,2024-05-16,2046,N20,VIIRS,n,2,290.81,1.81,N,0,2,0.73,0.73
30.36254,78.38825,318.14,0.46,0.39,2024-05-16,2046,N20,VIIRS,n,2,290.03,1.69,N,0,2,0.8,0.8
33.86751,75.28957,306.05,0.54,0.42,2024-05-17,2026,N20,VIIRS,n,2,286.56,1.21,N,0,2,0.72,0.72
30.28672,78.43254,305.56,0.39,0.36,2024-05-17,2027,N20,VIIRS,n,2,290.14,1.55,N,0,2,0.88,0.88
17.62228,83.19303,305.99,0.5,0.49,2024-05-17,2030,N20,VIIRS,n,2,290.53,2.62,N,0,2,0.81,0.81
30.3348,78.28014,318.73,0.41,0.45,2024-05-18,2008,N20,VIIRS,n,2,288.66,2.07,N,0,2,0.77,0.77
31.66168,76.25726,309.01,0.53,0.67,2024-05-19,1949,N20,VIIRS,n,2,294.57,5.36,N,0,2,0.73,0.73
14.16833,79.7058,312.51,0.4,0.44,2024-05-19,1953,N20,VIIRS,n,2,289.65,4.03,N,0,2,0.8,0.8
31.57605,75.9673,319.5,0.43,0.62,2024-05-19,2129,N20,VIIRS,n,2,290.4,3.33,N,0,2,0.76,0.76
33.69107,73.99352,302.56,0.5,0.41,2024-05-20,2110,N20,VIIRS,n,2,291.82,3.47,N,0,2,0.72,0.72
30.98371,77.11294,301.92,0.55,0.51,2024-05-20,2110,N20,VIIRS,n,2,290.33,1.24,N,0,2,0.71,0.71
30.75706,77.3595,304.73,0.48,0.4,2024-05-21,2052,N20,VIIRS,n,2,291.87,1.22,N,0,2,0.74,0.74
30.56281,77.14236,309.88,0.37,0.58,2024-05-24,1955,N20,VIIRS,n,2,291.01,2.07,N,0,2,0.75,0.75
31.50876,75.70105,307.14,0.51,0.66,2024-05-24,2135,N20,VIIRS,n,2,291.5,1.46,N,0,2,0.77,0.77
31.39292,76.58276,305.39,0.58,0.69,2024-05-24,2135,N20,VIIRS,n,2,290.05,2.65,N,0,2,0.73,0.73
30.66494,77.06726,318.34,0.55,0.43,2024-05-26,2058,N20,VIIRS,n,2,300.22,5.37,N,0,2,0.71,0.71
31.46009,76.11929,312.22,0.48,0.4,2024-05-26,2058,N20,VIIRS,n,2,301.38,3.4,N,0,2,0.78,0.78
33.0355,74.61705,327.76,0.42,0.38,2024-05-27,2038,N20,VIIRS,n,2,301.82,4.78,N,0,2,0.81,0.81
32.64149,75.24583,310.95,0.4,0.37,2024-05-27,2038,N20,VIIRS,n,2,300.74,1.82,N,0,2,0.78,0.78
32.63815,75.24503,322.65,0.4,0.37,2024-05-27,2038,N20,VIIRS,n,2,300.74,1.82,N,0,2,0.77,0.77
32.94261,74.35652,314.28,0.43,0.38,2024-05-27,2038,N20,VIIRS,n,2,299.88,2.8,N,0,2,0.72,0.72
30.8344,76.97787,320.31,0.38,0.36,2024-05-27,2039,N20,VIIRS,n,2,301.04,3.41,N,0,2,0.73,0.73
31.0269,77.30595,303.07,0.39,0.36,2024-05-27,2039,N20,VIIRS,n,2,292.78,2.76,N,0,2,0.81,0.81
31.08852,76.75036,315.82,0.38,0.36,2024-05-27,2039,N20,VIIRS,n,2,301.66,3.13,N,0,2,0.92,0.92
31.03702,76.79374,313.06,0.38,0.36,2024-05-27,2039,N20,VIIRS,n,2,301.44,2.81,N,0,2,0.76,0.76
23.83242,84.92563,307.36,0.38,0.59,2024-05-27,2040,N20,VIIRS,n,2,281.64,2.23,N,0,2,0.74,0.74
30.63071,77.21896,318.05,0.48,0.4,2024-05-28,2020,N20,VIIRS,n,2,301.87,5.39,N,0,2,0.9,0.9
31.8425,76.35051,315.41,0.55,0.43,2024-05-28,2020,N20,VIIRS,n,2,301.7,3.81,N,0,2,0.89,0.89
13.89737,76.56653,302.13,0.39,0.36,2024-05-28,2025,N20,VIIRS,n,2,285.14,0.93,N,0,2,0.71,0.71
31.45724,76.40418,308.95,0.34,0.56,2024-05-29,2001,N20,VIIRS,n,2,288.83,5.52,N,0,2,0.79,0.79
30.91607,77.46669,311.22,0.57,0.52,2024-05-29,2001,N20,VIIRS,n,2,287.4,3.59,N,0,2,0.76,0.76
30.84897,78.18789,306.34,0.52,0.5,2024-05-29,2001,N20,VIIRS,n,2,288.87,1.38,N,0,2,0.82,0.82
30.77197,78.27039,299.14,0.51,0.5,2024-05-29,2001,N20,VIIRS,n,2,287.81,1.31,N,0,2,0.82,0.82
30.75987,78.24364,306.04,0.51,0.5,2024-05-29,2001,N20,VIIRS,n,2,288.01,1.72,N,0,2,0.71,0.71
30.67515,78.26273,297.02,0.51,0.49,2024-05-29,2001,N20,VIIRS,n,2,283.43,0.69,N,0,2,0.78,0.78
30.87442,76.96852,318.87,0.77,0.77,2024-05-29,2141,N20,VIIRS,n,2,285.76,4.95,N,0,2,0.71,0.71
33.26624,74.02641,303.5,0.45,0.63,2024-05-29,2141,N20,VIIRS,n,2,290.0,2.37,N,0,2,0.83,0.83
30.52554,78.21859,299.68,0.5,0.66,2024-05-30,1942,N20,VIIRS,n,2,288.52,1.2,N,0,2,0.76,0.76
30.78744,78.26166,298.91,0.5,0.66,2024-05-30,1942,N20,VIIRS,n,2,285.41,1.13,N,0,2,0.82,0.82
30.97188,77.22369,302.91,0.57,0.69,2024-05-30,1942,N20,VIIRS,n,2,289.39,1.1,N,0,2,0.79,0.79
32.97287,75.11102,308.27,0.79,0.78,2024-05-30,1942,N20,VIIRS,n,2,292.38,4.38,N,0,2,0.73,0.73
31.45265,77.43864,319.53,0.42,0.61,2024-05-30,2122,N20,VIIRS,n,2,287.8,3.31,N,0,2,0.93,0.93
31.46295,77.4445,299.16,0.42,0.61,2024-05-30,2122,N20,VIIRS,n,2,287.59,1.64,N,0,2,0.76,0.76
31.33085,76.49316,318.54,0.37,0.58,2024-05-30,2122,N20,VIIRS,n,2,299.89,2.16,N,0,2,0.73,0.73
31.21525,76.97382,300.74,0.4,0.6,2024-05-30,2122,N20,VIIRS,n,2,290.08,1.81,N,0,2,0.78,0.78
30.51676,78.19332,299.56,0.49,0.65,2024-05-30,2123,N20,VIIRS,n,2,288.35,1.59,N,0,2,0.78,0.78
29.44601,79.82057,303.22,0.76,0.77,2024-05-31,1923,N20,VIIRS,n,2,288.46,2.22,N,0,2,0.72,0.72
20.95259,85.01189,310.38,0.58,0.52,2024-05-31,1926,N20,VIIRS,n,2,289.16,4.29,N,0,2,0.83,0.83
32.75457,75.20461,319.78,0.49,0.4,2024-05-31,2103,N20,VIIRS,n,2,298.2,2.58,N,0,2,0.74,0.74
30.781,78.37792,307.03,0.53,0.5,2024-05-31,2104,N20,VIIRS,n,2,290.46,1.62,N,0,2,0.8,0.8
30.94216,77.18599,304.19,0.45,0.47,2024-05-31,2104,N20,VIIRS,n,2,291.74,1.19,N,0,2,0.71,0.71
30.50197,78.18063,306.22,0.52,0.5,2024-05-31,2104,N20,VIIRS,n,2,293.19,1.78,N,0,2,0.73,0.73
31.3517,77.11078,301.53,0.41,0.37,2024-06-01,2045,N20,VIIRS,n,2,289.55,2.2,N,0,2,0.71,0.71
30.76074,78.28455,299.06,0.45,0.39,2024-06-01,2045,N20,VIIRS,n,2,280.6,0.59,N,0,2,0.71,0.71
30.7418,78.30724,308.34,0.45,0.39,2024-06-01,2045,N20,VIIRS,n,2,284.59,0.89,N,0,2,0.75,0.75
30.60738,77.38339,303.77,0.47,0.47,2024-06-03,2007,N20,VIIRS,n,2,289.8,1.68,N,0,2,0.76,0.76
30.93836,77.44228,311.44,0.45,0.63,2024-06-04,1948,N20,VIIRS,n,2,285.55,2.3,N,0,2,0.75,0.75
33.13577,74.78699,304.96,0.67,0.74,2024-06-04,1948,N20,VIIRS,n,2,291.01,2.99,N,0,2,0.8,0.8
32.91169,75.28626,306.1,0.63,0.72,2024-06-04,1948,N20,VIIRS,n,2,288.04,2.38,N,0,2,0.71,0.71
23.84144,84.95306,315.87,0.43,0.38,2024-06-04,1950,N20,VIIRS,n,2,286.07,2.9,N,0,2,0.77,0.77
24.91976,76.28703,297.14,0.46,0.64,2024-06-04,1950,N20,VIIRS,n,2,286.45,2.85,N,0,2,0.75,0.75
21.0999,72.63165,304.86,0.72,0.76,2024-06-04,1951,N20,VIIRS,n,2,288.94,3.61,N,0,2,0.79,0.79
32.77866,75.46587,307.06,0.37,0.58,2024-06-04,2128,N20,VIIRS,n,2,290.49,2.7,N,0,2,0.76,0.76
30.47369,78.16194,299.02,0.6,0.71,2024-06-04,2129,N20,VIIRS,n,2,286.76,2.27,N,0,2,0.8,0.8
30.47124,78.16456,302.45,0.6,0.71,2024-06-04,2129,N20,VIIRS,n,2,286.43,2.71,N,0,2,0.75,0.75
23.83494,84.92695,303.58,0.51,0.66,2024-06-06,1912,N20,VIIRS,n,2,285.38,1.92,N,0,2,0.74,0.74
23.83434,84.92159,314.63,0.48,0.4,2024-06-08,2015,N20,VIIRS,n,2,290.17,1.72,N,0,2,0.71,0.71
17.94746,80.75946,319.3,0.39,0.36,2024-06-08,2017,N20,VIIRS,n,2,291.89,4.05,N,0,2,0.81,0.81
33.16173,74.6729,302.54,0.56,0.69,2024-06-09,1954,N20,VIIRS,n,2,288.79,1.21,N,0,2,0.78,0.78
17.95699,80.78522,311.02,0.48,0.4,2024-06-09,1958,N20,VIIRS,n,2,290.14,1.44,N,0,2,0.79,0.79
31.68269,76.30057,304.92,0.54,0.68,2024-06-09,2134,N20,VIIRS,n,2,291.11,2.09,N,0,2,0.81,0.81
30.79176,77.19303,297.71,0.64,0.72,2024-06-09,2135,N20,VIIRS,n,2,285.72,2.23,N,0,2,0.71,0.71
30.66369,78.34417,302.44,0.62,0.71,2024-06-10,1935,N20,VIIRS,n,2,289.03,1.71,N,0,2,0.73,0.73
31.18858,77.19837,303.11,0.73,0.76,2024-06-10,1935,N20,VIIRS,n,2,288.59,1.62,N,0,2,0.77,0.77
30.85359,77.08369,307.48,0.74,0.76,2024-06-10,1935,N20,VIIRS,n,2,289.93,2.44,N,0,2,0.74,0.74
32.60152,76.08058,302.13,0.53,0.5,2024-06-10,2115,N20,VIIRS,n,2,291.52,2.07,N,0,2,0.71,0.71
29.14051,79.79139,317.34,0.55,0.51,2024-06-11,2057,N20,VIIRS,n,2,296.56,3.48,N,0,2,0.75,0.75
31.45103,77.62008,303.15,0.56,0.43,2024-06-11,2057,N20,VIIRS,n,2,292.35,2.09,N,0,2,0.81,0.81
33.13142,74.46613,319.05,0.43,0.38,2024-06-12,2038,N20,VIIRS,n,2,296.06,2.71,N,0,2,0.74,0.74
32.5771,76.05433,310.56,0.39,0.36,2024-06-12,2038,N20,VIIRS,n,2,292.13,2.5,N,0,2,0.77,0.77
30.46657,79.46526,301.7,0.43,0.38,2024-06-12,2038,N20,VIIRS,n,2,291.15,2.57,N,0,2,0.74,0.74
20.96422,85.07756,305.29,0.44,0.62,2024-06-12,2040,N20,VIIRS,n,2,284.68,2.29,N,0,2,0.93,0.93
30.56317,78.26706,311.47,0.44,0.39,2024-06-13,2019,N20,VIIRS,n,2,291.35,1.48,N,0,2,0.72,0.72
30.88535,76.73588,325.55,0.52,0.42,2024-06-13,2019,N20,VIIRS,n,2,300.22,3.52,N,0,2,0.8,0.8
31.05402,77.35532,300.88,0.6,0.53,2024-06-14,2000,N20,VIIRS,n,2,290.38,2.37,N,0,2,0.81,0.81
30.72184,78.2448,301.16,0.52,0.5,2024-06-14,2000,N20,VIIRS,n,2,289.91,1.32,N,0,2,0.81,0.81
30.48213,79.47859,302.14,0.44,0.46,2024-06-14,2000,N20,VIIRS,n,2,288.94,1.25,N,0,2,0.74,0.74
30.50311,78.69968,300.21,0.49,0.49,2024-06-14,2000,N20,VIIRS,n,2,289.18,0.96,N,0,2,0.81,0.81
32.68932,74.9698,307.57,0.43,0.62,2024-06-14,2000,N20,VIIRS,n,2,286.26,1.79,N,0,2,0.73,0.73
23.85896,80.83002,298.42,0.47,0.4,2024-06-14,2002,N20,VIIRS,n,2,287.46,3.47,N,0,2,0.71,0.71
22.31262,82.74019,316.47,0.39,0.37,2024-06-14,2003,N20,VIIRS,n,2,287.11,2.52,N,0,2,0.72,0.72
30.98079,77.2532,304.71,0.78,0.78,2024-06-14,2140,N20,VIIRS,n,2,288.2,3.23,N,0,2,0.92,0.92
30.71794,77.64789,311.03,0.55,0.68,2024-06-15,1941,N20,VIIRS,n,2,291.17,1.34,N,0,2,0.85,0.85
30.70427,78.34229,302.72,0.5,0.66,2024-06-15,1941,N20,VIIRS,n,2,290.41,2.0,N,0,2,0.75,0.75
30.75784,78.46011,305.93,0.49,0.65,2024-06-15,1941,N20,VIIRS,n,2,289.01,1.14,N,0,2,0.78,0.78
30.92231,78.08814,311.04,0.52,0.67,2024-06-15,1941,N20,VIIRS,n,2,289.75,2.29,N,0,2,0.96,0.96
29.70922,79.57218,306.61,0.41,0.61,2024-06-15,1942,N20,VIIRS,n,2,290.75,1.13,N,0,2,0.74,0.74
30.26661,75.17326,312.61,0.53,0.42,2024-06-16,2103,N20,VIIRS,n,2,301.08,2.6,N,0,2,0.87,0.87
25.41907,86.02563,306.57,0.58,0.7,2024-06-17,1905,N20,VIIRS,n,2,288.18,2.23,N,0,2,0.8,0.8
30.97646,78.1149,305.32,0.43,0.38,2024-06-17,2044,N20,VIIRS,n,2,290.3,1.21,N,0,2,0.84,0.84
22.31966,82.60037,310.02,0.45,0.47,2024-06-23,2033,N20,VIIRS,n,2,288.26,2.34,N,0,2,0.9,0.9
24.93116,84.14676,304.57,0.43,0.38,2024-06-24,2014,N20,VIIRS,n,2,283.79,2.8,N,0,2,0.78,0.78
23.6484,85.43871,298.52,0.39,0.59,2024-06-27,1917,N20,VIIRS,n,2,269.82,0.93,N,0,2,0.79,0.79
22.33839,69.85617,308.65,0.38,0.36,2024-06-27,2059,N20,VIIRS,n,2,286.24,3.16,N,0,2,0.93,0.93
24.13973,82.57134,305.43,0.52,0.5,2024-06-28,2039,N20,VIIRS,n,2,287.04,1.89,N,0,2,0.72,0.72
23.83942,84.94756,296.5,0.43,0.38,2024-07-06,1949,N20,VIIRS,n,2,266.24,0.75,N,0,2,0.8,0.8
23.6785,86.07048,304.75,0.44,0.46,2024-07-07,1930,N20,VIIRS,n,2,288.54,1.32,N,0,2,0.71,0.71
24.79053,78.64768,313.27,0.41,0.37,2024-07-09,2033,N20,VIIRS,n,2,289.04,3.58,N,0,2,0.82,0.82
10.8376,79.84654,321.65,0.41,0.37,2024-07-10,2018,N20,VIIRS,n,2,292.43,3.13,N,0,2,0.77,0.77
34.00713,73.97983,299.9,0.63,0.72,2024-07-11,1953,N20,VIIRS,n,2,284.49,0.99,N,0,2,0.83,0.83
27.21255,72.3542,312.22,0.56,0.51,2024-07-15,2020,N20,VIIRS,n,2,283.41,2.72,N,0,2,0.72,0.72
24.93036,84.14736,303.4,0.47,0.4,2024-07-22,1949,N20,VIIRS,n,2,279.93,0.88,N,0,2,0.72,0.72
17.95863,80.78617,308.42,0.48,0.4,2024-08-12,1957,N20,VIIRS,n,2,290.92,2.15,N,0,2,0.87,0.87
15.09462,79.26246,308.27,0.39,0.59,2024-08-25,2054,N20,VIIRS,n,2,288.06,1.65,N,0,2,0.74,0.74
23.78009,86.3409,310.66,0.38,0.36,2024-08-28,1955,N20,VIIRS,n,2,292.67,2.73,N,0,2,0.8,0.8
20.97538,85.17699,318.26,0.55,0.43,2024-08-29,1937,N20,VIIRS,n,2,290.5,3.3,N,0,2,0.81,0.81
20.97744,85.15994,311.76,0.55,0.43,2024-08-29,1937,N20,VIIRS,n,2,290.75,2.08,N,0,2,0.72,0.72
10.47987,78.80272,315.18,0.43,0.38,2024-09-01,2024,N20,VIIRS,n,2,292.16,3.26,N,0,2,0.71,0.71
25.66381,84.28789,311.56,0.39,0.36,2024-09-02,2001,N20,VIIRS,n,2,289.69,2.41,N,0,2,0.74,0.74
22.33229,69.73694,296.78,0.44,0.46,2024-09-03,2124,N20,VIIRS,n,2,260.4,0.45,N,0,2,0.74,0.74
23.85713,86.33738,305.07,0.39,0.37,2024-09-08,1948,N20,VIIRS,n,2,288.81,1.35,N,0,2,0.72,0.72
21.06471,86.4582,308.01,0.39,0.44,2024-09-09,1930,N20,VIIRS,n,2,289.89,2.68,N,0,2,0.85,0.85
21.74729,83.8171,306.04,0.43,0.62,2024-09-21,2045,N20,VIIRS,n,2,281.45,1.76,N,0,2,0.74,0.74
33.46557,75.72479,301.07,0.42,0.46,2024-10-03,2017,N20,VIIRS,n,2,289.29,1.33,N,0,2,0.76,0.76
22.04308,83.72462,303.96,0.43,0.62,2024-10-07,2045,N20,VIIRS,n,2,286.14,2.94,N,0,2,0.71,0.71
22.57366,85.88895,303.09,0.57,0.52,2024-10-08,2026,N20,VIIRS,n,2,285.88,1.78,N,0,2,0.9,0.9
15.1676,76.66519,303.31,0.51,0.41,2024-10-09,2010,N20,VIIRS,n,2,289.5,1.01,N,0,2,0.73,0.73
21.19658,81.41158,309.32,0.41,0.6,2024-10-11,1930,N20,VIIRS,n,2,285.15,4.5,N,0,2,0.82,0.82
21.77832,83.82379,302.3,0.55,0.68,2024-10-12,2051,N20,VIIRS,n,2,287.12,1.86,N,0,2,0.72,0.72
23.48636,87.35972,306.4,0.57,0.69,2024-10-18,1858,N20,VIIRS,n,2,288.88,1.91,N,0,2,0.9,0.9
23.71769,86.4205,299.44,0.46,0.64,2024-10-18,2038,N20,VIIRS,n,2,288.82,2.05,N,0,2,0.71,0.71
33.21568,75.17596,317.14,0.39,0.36,2024-10-23,2043,N20,VIIRS,n,2,286.76,1.28,N,0,2,0.75,0.75
15.18157,77.09937,301.25,0.57,0.69,2024-10-27,2113,N20,VIIRS,n,2,288.6,1.09,N,0,2,0.78,0.78
21.78275,83.82897,299.46,0.56,0.69,2024-10-28,2052,N20,VIIRS,n,2,280.4,0.98,N,0,2,0.79,0.79
22.36642,82.29639,299.72,0.55,0.68,2024-11-02,2058,N20,VIIRS,n,2,289.15,3.05,N,0,2,0.8,0.8
22.35555,82.29038,302.33,0.55,0.68,2024-11-02,2058,N20,VIIRS,n,2,290.06,1.38,N,0,2,0.74,0.74
30.35327,76.32249,299.09,0.38,0.36,2024-11-03,2037,N20,VIIRS,n,2,288.47,2.38,N,0,2,0.75,0.75
33.52713,75.30424,300.14,0.52,0.67,2024-11-05,2139,N20,VIIRS,n,2,280.42,1.5,N,0,2,0.72,0.72
33.43912,75.78644,298.9,0.6,0.53,2024-11-06,2120,N20,VIIRS,n,2,285.84,1.67,N,0,2,0.73,0.73
21.7667,84.01228,303.57,0.72,0.75,2024-11-08,1905,N20,VIIRS,n,2,290.14,2.28,N,0,2,0.85,0.85
23.348,80.88262,307.63,0.54,0.51,2024-11-08,2045,N20,VIIRS,n,2,289.78,1.8,N,0,2,0.71,0.71
33.09185,76.03687,300.66,0.5,0.41,2024-11-09,2024,N20,VIIRS,n,2,279.83,1.37,N,0,2,0.71,0.71
31.13367,76.06204,318.07,0.57,0.52,2024-11-10,2005,N20,VIIRS,n,2,290.2,3.25,N,0,2,0.81,0.81
29.28203,77.42008,300.14,0.44,0.62,2024-11-11,1947,N20,VIIRS,n,2,289.79,3.15,N,0,2,0.79,0.79
26.95113,75.91412,309.55,0.53,0.67,2024-11-11,2128,N20,VIIRS,n,2,287.55,1.48,N,0,2,0.77,0.77
12.14736,76.82001,299.57,0.6,0.53,2024-11-13,2054,N20,VIIRS,n,2,284.89,1.03,N,0,2,0.71,0.71
23.6982,87.11376,302.57,0.76,0.77,2024-11-14,1851,N20,VIIRS,n,2,291.23,2.03,N,0,2,0.76,0.76
23.34678,80.88245,310.15,0.56,0.43,2024-11-16,1955,N20,VIIRS,n,2,289.53,1.71,N,0,2,0.73,0.73
21.10251,72.62849,313.86,0.58,0.7,2024-11-16,1956,N20,VIIRS,n,2,292.38,2.6,N,0,2,0.78,0.78
25.29261,91.69102,327.85,0.43,0.38,2024-11-18,649,N20,VIIRS,l,2,300.47,5.0,D,0,2,0.79,0.79
22.36278,82.30368,304.04,0.54,0.68,2024-11-18,2057,N20,VIIRS,n,2,288.44,2.16,N,0,2,0.84,0.84
23.74831,85.50134,295.3,0.76,0.77,2024-11-19,1858,N20,VIIRS,n,2,284.25,0.99,N,0,2,0.79,0.79
23.73329,77.67414,296.91,0.41,0.37,2024-11-20,2020,N20,VIIRS,n,2,284.65,0.4,N,0,2,0.73,0.73
24.69376,72.99986,298.84,0.62,0.71,2024-11-21,2141,N20,VIIRS,n,2,288.13,1.49,N,0,2,0.77,0.77
29.41653,74.71251,304.02,0.63,0.54,2024-11-22,2121,N20,VIIRS,n,2,283.13,1.52,N,0,2,0.82,0.82
24.11475,86.86014,300.77,0.5,0.49,2024-11-23,1923,N20,VIIRS,n,2,289.19,1.18,N,0,2,0.74,0.74
25.3521,80.59602,302.96,0.46,0.63,2024-11-23,2103,N20,VIIRS,n,2,285.45,0.85,N,0,2,0.71,0.71
21.55901,81.74592,297.59,0.66,0.73,2024-11-23,2104,N20,VIIRS,n,2,287.08,1.09,N,0,2,0.81,0.81
16.25759,76.03693,295.41,0.36,0.57,2024-11-23,2106,N20,VIIRS,n,2,264.9,0.8,N,0,2,0.72,0.72
22.04517,83.72478,302.71,0.43,0.62,2024-11-24,2045,N20,VIIRS,n,2,281.6,2.21,N,0,2,0.71,0.71
21.96322,83.77615,307.18,0.43,0.62,2024-11-24,2045,N20,VIIRS,n,2,284.77,1.3,N,0,2,0.74,0.74
30.30997,76.72079,320.39,0.44,0.39,2024-11-25,2024,N20,VIIRS,n,2,285.38,2.09,N,0,2,0.79,0.79
29.52326,75.08168,310.92,0.51,0.41,2024-11-25,2024,N20,VIIRS,n,2,284.27,1.4,N,0,2,0.78,0.78
24.11935,86.85536,298.26,0.61,0.53,2024-11-25,2025,N20,VIIRS,n,2,287.89,1.51,N,0,2,0.83,0.83
21.76251,84.02552,299.25,0.45,0.47,2024-11-25,2026,N20,VIIRS,n,2,287.56,1.31,N,0,2,0.76,0.76
23.12054,70.08047,302.67,0.56,0.69,2024-11-26,2007,N20,VIIRS,n,2,289.24,1.54,N,0,2,0.8,0.8
24.76213,74.60661,298.39,0.6,0.53,2024-11-26,2007,N20,VIIRS,n,2,288.2,1.82,N,0,2,0.73,0.73
22.36753,73.11729,301.83,0.45,0.63,2024-11-27,2129,N20,VIIRS,n,2,291.61,2.14,N,0,2,0.84,0.84
24.65874,73.8785,297.61,0.45,0.47,2024-11-28,2110,N20,VIIRS,n,2,287.24,1.36,N,0,2,0.81,0.81
23.74645,85.49969,297.23,0.48,0.65,2024-11-29,1910,N20,VIIRS,n,2,285.56,1.17,N,0,2,0.71,0.71
23.16943,82.33324,299.18,0.41,0.61,2024-11-29,2051,N20,VIIRS,n,2,286.99,2.03,N,0,2,0.85,0.85
31.182,78.08768,328.64,0.39,0.36,2024-12-01,748,N20,VIIRS,l,2,303.37,4.43,D,0,2,0.73,0.73
20.15015,72.99754,300.2,0.53,0.5,2024-12-01,2014,N20,VIIRS,n,2,288.56,1.55,N,0,2,0.84,0.84
23.89244,71.22965,307.79,0.78,0.78,2024-12-01,2154,N20,VIIRS,n,2,287.08,2.65,N,0,2,0.86,0.86
22.13322,72.76236,300.15,0.59,0.7,2024-12-02,1955,N20,VIIRS,n,2,286.58,1.62,N,0,2,0.81,0.81
23.64883,85.43751,307.05,0.39,0.44,2024-12-03,1935,N20,VIIRS,n,2,289.2,1.2,N,0,2,0.77,0.77
22.21028,84.54834,305.19,0.42,0.45,2024-12-03,1936,N20,VIIRS,n,2,290.04,1.39,N,0,2,0.75,0.75
24.65971,73.87771,300.16,0.46,0.39,2024-12-04,2057,N20,VIIRS,n,2,287.76,1.12,N,0,2,0.72,0.72
21.78552,83.82912,310.33,0.69,0.74,2024-12-04,2057,N20,VIIRS,n,2,288.12,1.62,N,0,2,0.82,0.82
16.62827,75.05549,313.34,0.48,0.48,2024-12-04,2059,N20,VIIRS,n,2,289.31,1.99,N,0,2,0.78,0.78
23.69897,85.2863,297.24,0.8,0.78,2024-12-05,1857,N20,VIIRS,n,2,286.12,1.56,N,0,2,0.87,0.87
22.57479,85.8896,303.23,0.71,0.75,2024-12-05,1858,N20,VIIRS,n,2,288.65,2.4,N,0,2,0.81,0.81
20.8937,84.97208,302.24,0.78,0.78,2024-12-05,1858,N20,VIIRS,n,2,289.58,1.75,N,0,2,0.81,0.81
23.3467,80.87942,301.32,0.42,0.45,2024-12-05,2038,N20,VIIRS,n,2,287.11,1.34,N,0,2,0.71,0.71
24.76637,74.60393,297.39,0.38,0.59,2024-12-07,2000,N20,VIIRS,n,2,283.82,0.97,N,0,2,0.85,0.85
16.29165,75.14975,318.27,0.56,0.51,2024-12-07,2003,N20,VIIRS,n,2,287.79,2.96,N,0,2,0.81,0.81
24.12245,86.85732,298.6,0.43,0.38,2024-12-08,1941,N20,VIIRS,n,2,283.89,1.3,N,0,2,0.71,0.71
22.63945,75.59764,298.89,0.5,0.66,2024-12-08,2122,N20,VIIRS,n,2,284.8,0.93,N,0,2,0.87,0.87
21.24451,79.22097,298.07,0.73,0.76,2024-12-09,1923,N20,VIIRS,n,2,287.78,1.38,N,0,2,0.99,0.99
21.75918,83.83234,297.71,0.75,0.77,2024-12-10,1904,N20,VIIRS,n,2,285.16,1.65,N,0,2,0.74,0.74
21.76891,84.00974,296.21,0.73,0.76,2024-12-10,1904,N20,VIIRS,n,2,285.0,2.03,N,0,2,0.86,0.86
22.57396,85.89289,306.45,0.56,0.51,2024-12-11,2025,N20,VIIRS,n,2,288.03,1.66,N,0,2,0.7133333333333334,0.7133333333333334
17.96061,80.78216,310.14,0.5,0.41,2024-12-11,2027,N20,VIIRS,n,2,292.05,1.8,N,0,2,0.74,0.74
16.29107,77.3548,298.7,0.49,0.4,2024-12-12,2009,N20,VIIRS,n,2,277.94,0.57,N,0,2,0.74,0.74
24.62241,79.7731,306.85,0.57,0.52,2024-12-13,1947,N20,VIIRS,n,2,282.88,1.35,N,0,2,0.71,0.71
18.77662,73.83416,310.77,0.59,0.7,2024-12-13,2130,N20,VIIRS,n,2,285.99,1.74,N,0,2,0.77,0.77
23.66394,87.15569,301.61,0.38,0.44,2024-12-14,1929,N20,VIIRS,n,2,285.42,1.04,N,0,2,0.74,0.74
15.18202,76.65059,301.04,0.73,0.76,2024-12-14,1931,N20,VIIRS,n,2,290.93,3.17,N,0,2,0.79,0.79
23.77397,86.19405,299.16,0.44,0.62,2024-12-15,1910,N20,VIIRS,n,2,285.03,1.07,N,0,2,0.73,0.73
21.76708,84.01296,299.52,0.58,0.7,2024-12-15,1910,N20,VIIRS,n,2,287.44,2.01,N,0,2,0.74,0.74
33.3083,75.24029,301.03,0.39,0.36,2024-12-15,2048,N20,VIIRS,n,2,263.92,1.23,N,0,2,0.72,0.72
33.1083,75.48161,309.55,0.39,0.36,2024-12-15,2048,N20,VIIRS,n,2,268.64,1.07,N,0,2,0.76,0.76
32.13523,76.66478,305.52,0.42,0.38,2024-12-15,2048,N20,VIIRS,n,2,281.99,1.57,N,0,2,0.85,0.85
23.69271,86.38437,308.69,0.71,0.75,2024-12-15,2050,N20,VIIRS,n,2,285.83,2.71,N,0,2,0.77,0.77
22.57328,85.89157,297.23,0.7,0.75,2024-12-15,2050,N20,VIIRS,n,2,284.33,2.14,N,0,2,0.83,0.83
20.96713,85.01398,308.44,0.67,0.74,2024-12-15,2051,N20,VIIRS,n,2,285.75,2.04,N,0,2,0.86,0.86
18.74928,74.97678,298.93,0.52,0.42,2024-12-15,2052,N20,VIIRS,n,2,284.96,1.49,N,0,2,0.8,0.8
26.05947,93.88895,298.73,0.61,0.53,2024-12-16,1850,N20,VIIRS,n,2,285.56,1.17,N,0,2,0.94,0.94
31.06542,77.99067,307.63,0.39,0.36,2024-12-16,2030,N20,VIIRS,n,2,280.51,1.58,N,0,2,0.78,0.78
15.18415,76.674,306.16,0.42,0.38,2024-12-16,2034,N20,VIIRS,n,2,291.21,1.07,N,0,2,0.75,0.75
22.22906,84.41448,295.03,0.4,0.37,2024-12-18,1954,N20,VIIRS,n,2,282.58,0.5,N,0,2,0.75,0.75
10.00933,78.04446,308.01,0.57,0.43,2024-12-18,1958,N20,VIIRS,n,2,290.73,1.93,N,0,2,0.83,0.83
22.78676,70.92088,306.34,0.4,0.6,2024-12-18,2135,N20,VIIRS,n,2,284.44,1.49,N,0,2,0.88,0.88
21.98799,82.0119,299.31,0.6,0.53,2024-12-19,1936,N20,VIIRS,n,2,286.75,1.38,N,0,2,0.75,0.75
16.18965,75.40224,305.33,0.53,0.67,2024-12-19,2118,N20,VIIRS,n,2,282.72,1.54,N,0,2,0.74,0.74
24.15869,82.61589,299.27,0.59,0.7,2024-12-20,1916,N20,VIIRS,n,2,286.35,1.49,N,0,2,0.78,0.78
33.31107,75.45319,298.84,0.42,0.38,2024-12-20,2055,N20,VIIRS,n,2,272.86,0.71,N,0,2,0.73,0.73
23.82754,85.49628,297.57,0.78,0.78,2024-12-20,2056,N20,VIIRS,n,2,286.74,1.79,N,0,2,0.84,0.84
23.6947,87.09405,299.02,0.61,0.71,2024-12-21,1857,N20,VIIRS,n,2,287.38,1.89,N,0,2,0.72,0.72
22.12827,72.76471,306.73,0.41,0.37,2024-12-21,2039,N20,VIIRS,n,2,288.84,0.93,N,0,2,0.74,0.74
16.57888,74.66818,301.29,0.46,0.39,2024-12-22,2022,N20,VIIRS,n,2,289.45,2.2,N,0,2,0.78,0.78
23.76684,86.40669,298.2,0.41,0.37,2024-12-23,2000,N20,VIIRS,n,2,288.04,0.98,N,0,2,0.73,0.73
22.12872,72.7627,306.15,0.47,0.64,2024-12-23,2001,N20,VIIRS,n,2,285.92,0.87,N,0,2,0.78,0.78
23.78596,85.56533,300.36,0.48,0.4,2024-12-24,1942,N20,VIIRS,n,2,286.08,0.87,N,0,2,0.84,0.84
16.16581,75.18187,301.49,0.65,0.73,2024-12-24,2124,N20,VIIRS,n,2,286.44,2.39,N,0,2,0.87,0.87
16.55232,73.59262,311.72,0.49,0.48,2024-12-25,2106,N20,VIIRS,n,2,289.4,1.74,N,0,2,0.76,0.76
23.66903,84.99101,302.76,0.65,0.73,2024-12-26,1904,N20,VIIRS,n,2,285.53,2.63,N,0,2,0.83,0.83
17.61085,83.19621,305.37,0.74,0.76,2024-12-26,1906,N20,VIIRS,n,2,288.06,1.72,N,0,2,0.81,0.81
34.61473,74.12967,301.32,0.41,0.37,2024-12-26,2042,N20,VIIRS,n,2,268.58,1.54,N,0,2,0.75,0.75
27.23964,93.65083,302.29,0.4,0.6,2024-12-27,1844,N20,VIIRS,n,2,284.87,1.63,N,0,2,0.8,0.8
24.12308,86.85861,297.67,0.61,0.53,2024-12-27,2025,N20,VIIRS,n,2,285.65,1.08,N,0,2,0.89,0.89
22.57489,85.89732,306.93,0.57,0.52,2024-12-27,2026,N20,VIIRS,n,2,289.19,1.78,N,0,2,0.78,0.78
25.29698,91.7185,305.06,0.59,0.53,2024-12-28,2006,N20,VIIRS,n,2,279.84,1.78,N,0,2,0.73,0.73
24.16174,82.62689,306.89,0.38,0.36,2024-12-28,2007,N20,VIIRS,n,2,288.32,1.8,N,0,2,0.82,0.82
18.67679,73.67702,301.8,0.58,0.52,2024-12-28,2009,N20,VIIRS,n,2,288.56,1.55,N,0,2,0.81,0.81
16.17989,76.26286,309.46,0.55,0.43,2024-12-28,2009,N20,VIIRS,n,2,290.02,1.45,N,0,2,0.81,0.81
26.18806,91.80928,306.19,0.47,0.39,2024-12-29,1947,N20,VIIRS,n,2,286.93,1.19,N,0,2,0.72,0.72
16.09179,75.51424,304.1,0.42,0.61,2024-12-29,1950,N20,VIIRS,n,2,289.38,1.06,N,0,2,0.77,0.77
24.1225,86.85744,299.59,0.4,0.44,2024-12-30,1929,N20,VIIRS,n,2,285.75,0.61,N,0,2,0.79,0.79
23.66474,87.15832,300.62,0.57,0.43,2024-12-30,1929,N20,VIIRS,n,2,288.11,1.51,N,0,2,0.87,0.87
16.23511,75.633,301.1,0.43,0.62,2024-12-30,2112,N20,VIIRS,n,2,290.5,1.27,N,0,2,0.77,0.77
21.68079,84.03172,296.47,0.56,0.69,2024-12-31,1911,N20,VIIRS,n,2,284.89,1.64,N,0,2,0.71,0.71
